ofaa,8
ofaf,21
ofag,17
ofah,14
ofai,6
ofab,15
ofac,25
ofad,16
pick,30
gojo,1
pict,36
goit,1
picc,1
pice,2
tuns,1
roho,2
tunn,14
goin,206
flit,4
ofca,31
turf,3
role,1
turb,2
rola,3
ofch,43
roll,31
ofci,6
turp,6
turm,1
turn,287
turk,10
goma,1
ofce,12
iuse,2
gold,119
ofbo,26
flic,9
gole,3
flid,1
pier,410
flie,6
ofbr,23
flig,33
roko,1
ofbl,15
goli,7
goll,85
eify,1
ofby,3
flim,4
flin,13
golo,1
piet,4
ofbu,11
flir,3
piea,1
ofba,38
pieb,1
piec,53
ofbb,2
ofbi,7
pied,1
gola,2
ofbe,44
golb,1
ofan,68
eifa,2
ofap,16
ofaq,1
ofak,3
ofal,105
ofam,23
ofav,7
ofaw,23
ofay,5
ofar,27
ofas,43
ofat,18
ofau,8
tuti,1
ofec,3
ofed,2
gonz,3
ofea,9
ronc,1
ofel,14
tuto,4
ofem,3
good,435
ofeg,18
ofeh,1
goof,3
ofei,1
ofdr,6
pigs,13
gong,2
pigt,1
ofdo,28
tuss,2
gonn,5
gono,12
ofdu,11
ofdw,1
ofda,25
rome,7
tush,10
pige,6
gomy,7
roma,73
tusc,1
ofdi,21
eigh,53
pigm,1
gona,3
ofde,27
gond,19
gone,94
tusk,3
gome,2
ofcr,9
turv,1
ofcl,3
turt,3
ofcn,1
turq,2
ofco,136
turr,4
ofcy,3
gomo,6
gomp,1
ofcu,3
roly,1
ofge,20
ofga,16
rope,28
ofgl,6
ofgo,83
ofgh,1
ofgi,3
offs,17
offt,39
offo,19
root,21
offr,19
offw,17
offy,3
offc,2
roof,22
offd,3
offe,190
offf,9
offa,45
offb,13
offl,12
offm,8
offn,2
rook,1
offh,21
offi,198
room,109
ofer,5
tuty,1
goog,1
ofes,9
ofet,4
ofeu,2
ofen,20
ofeo,1
ofep,3
goon,27
ofeq,3
tutt,1
ofev,23
ofex,13
goou,13
goov,1
pilg,6
pili,1
ofid,3
pile,11
gosa,2
ofin,23
pilo,6
gose,2
pill,42
gosh,2
ofil,4
ofim,4
ofhu,17
gork,1
hrum,1
roqu,12
goro,3
floo,41
flop,5
flor,16
pila,14
flou,24
flow,62
ofhe,95
ofha,25
pike,4
floa,23
gorb,1
floc,23
ofho,46
gord,2
ofhi,274
gorg,9
flog,6
gori,2
ofgu,3
eile,1
ropy,1
tuvw,1
ofgr,25
goqu,3
pini,4
ofkh,1
ofki,10
pink,5
pine,6
ofke,2
rott,9
pins,2
pint,2
pinn,7
ofkn,6
pino,1
gotn,1
goto,47
gotp,2
gotr,3
ofju,37
rosy,7
gots,6
gott,20
gotu,8
gotv,2
pinc,5
gotw,4
goty,2
rota,1
gota,11
ofje,18
rosi,2
gotb,5
gotc,1
ofjo,20
gotd,2
gotf,1
rost,188
goth,26
goti,10
ofir,3
goso,1
gosp,22
ofis,79
ofit,77
rosc,1
goss,7
gost,4
rose,57
ofja,7
rosa,1
pipm,1
piph,5
rovi,1
pipi,3
gowe,1
ofmi,41
pipj,2
ofmr,4
ccjp,14
pips,13
gowh,4
pipt,1
gowi,9
ofmu,7
pipo,1
ofmo,31
pipp,92
gown,6
pipr,1
ofly,1
oflu,2
rove,3
pipd,1
pipe,21
ofme,55
pipa,2
ofma,59
ofli,32
roun,187
ofle,10
gove,111
rout,20
piou,3
oflo,17
rous,13
goup,16
ofku,1
gout,1
ofla,25
roue,2
roug,17
gouz,5
ofol,17
ofon,37
piro,1
goye,7
ofoi,5
ofot,13
ofou,42
ofov,1
ofop,7
ofor,8
goyo,9
ofos,2
flus,14
flut,18
ofod,3
ofof,5
ofog,2
pira,5
ofoa,1
ofob,6
ofoc,9
ofnm,3
flue,1
piqu,2
ofnu,3
ofno,10
rows,5
fluk,4
flun,13
rowa,3
pipw,1
ofmy,74
ofne,23
rowi,2
ofna,19
rowe,2
rowd,2
pito,2
pity,30
pits,4
pitt,4
ofqu,10
ofpy,1
pith,2
piti,9
pitc,20
pite,4
ofpo,10
ofpi,7
ofpl,7
ofpu,8
ival,1
ivan,10
ofpr,41
piss,1
ivas,2
ofps,1
pist,9
roya,19
pisa,5
ofoy,1
ofoz,2
eith,99
ofpe,30
ofph,8
pisi,4
ofpa,18
roye,1
ivac,1
ofsp,18
ofsq,1
ofsl,10
ofsm,3
pivo,3
ofsn,2
ofso,47
ofsy,5
ofst,36
ofsu,35
ofsw,1
ofsa,30
flyt,2
flyu,1
ofsc,4
flyy,1
ofsh,14
ofsi,52
ofsk,1
ofse,28
ofro,27
flyf,2
flyh,1
flyi,21
ncot,1
ncos,3
ofru,12
ofra,9
ofri,9
ivca,2
ofre,28
flya,3
flyb,1
ofus,17
ofut,2
ofun,17
ofup,2
tver,1
oful,3
ofug,1
oftr,31
iveh,2
ofts,1
ivem,1
ofto,6
iven,2
ofty,2
ives,6
iver,1
iveu,1
oftu,1
ivet,1
oftw,10
ofta,11
ofti,14
ivea,2
ivec,5
iveb,8
ofte,104
ived,1
iveg,4
ofth,1982
ivef,1
ofwr,4
gpbo,1
ofwe,5
ofwa,28
ofwo,16
ivhe,1
ofwh,116
ofwi,24
ofvo,8
ofve,7
ofva,9
ofvl,1
ofvi,12
ofza,5
ofyi,2
ofye,6
ofyo,56
fmac,1
ofyp,3
ivin,1
ivis,3
ofya,1
ssee,1
ivie,1
ofzi,3
hshb,1
ofze,2
ofzo,1
hshe,1
fmea,1
ivor,9
ivow,2
ivol,1
ogal,1
ndba,1
ivth,2
ejgo,1
baan,2
baao,1
sssh,1
baal,18
maac,5
maag,1
ivwh,2
babb,3
ndco,7
baas,2
ogen,3
ndbr,3
macb,1
mace,15
baco,1
macc,2
back,293
mach,77
bach,16
macm,3
mack,3
badc,2
bada,6
badb,5
cdep,1
babo,1
babi,2
babe,4
mabl,4
bacc,4
maas,5
ssss,4
baby,56
ssta,1
maaz,3
mael,3
mads,1
madr,3
baff,1
ndgr,4
madw,2
madt,5
bads,1
madc,1
badt,5
mada,14
badr,4
madf,2
badp,1
made,332
badm,1
badn,7
madd,7
badl,8
madi,13
badg,2
mado,1
madn,17
badh,2
ndgo,1
bade,14
madm,8
badf,2
madl,3
ogiv,2
ivyw,1
badw,4
mage,1
bagw,1
bagr,20
magi,32
pjpg,15
bags,1
magg,9
magn,46
cdjp,7
bago,1
bagl,1
bahh,1
ndin,1
mafo,2
bagg,34
ejpg,3
bage,5
baga,3
ndli,53
ogon,1
mail,7
bait,1
main,59
ndlo,1
bain,1
maim,1
bail,3
mais,3
ogod,24
maid,43
baiz,1
maia,1
mahe,4
bahr,1
maho,2
magu,1
magw,4
maha,2
maki,53
twas,7
twan,1
maks,1
iwas,184
ball,22
iwav,1
bali,11
bale,3
balf,1
balc,2
bald,18
maka,5
bala,55
ndna,1
balb,2
make,270
twai,2
iwad,1
iwai,4
iwal,4
majo,43
iwan,26
iwar,1
bake,6
maje,47
mami,1
mamo,1
mamm,34
bann,9
bank,34
bani,7
bang,6
bane,3
mamb,8
band,28
bana,11
htab,1
mali,28
malo,4
balu,1
mall,4
bals,1
balt,10
balr,1
malv,1
balm,3
malt,5
baln,2
ogra,2
malb,1
mala,16
male,8
ndof,1
mald,2
maon,4
twer,1
stbr,4
stba,2
twen,116
twel,51
bapa,1
manm,8
stav,4
manl,15
stat,142
mank,15
stau,6
iwei,1
star,149
manp,5
mano,38
iwen,21
mann,118
iwem,1
manu,11
iwep,2
mant,47
mans,77
iwer,2
manr,5
bant,1
banq,16
many,280
manx,1
manw,47
stay,75
staf,33
stag,20
stad,2
stae,1
mana,82
stab,14
stac,3
baoi,1
stan,198
mane,12
ogth,2
mand,9
stal,12
manc,34
cdre,1
stam,13
manb,18
mani,44
manh,24
stak,5
mang,4
stai,29
manf,15
bara,18
barb,43
iwho,6
stea,73
barr,48
baro,5
barm,3
barn,17
bark,7
iwha,2
barl,9
bari,3
barj,2
iwhe,2
barg,10
barh,1
bare,29
ogwh,2
iwhi,3
barc,9
bard,9
maps,1
mapp,1
mapw,1
bapt,17
ndsc,2
mapb,1
mapa,1
masr,2
masp,7
bata,2
maso,5
twix,3
mast,198
mass,42
bast,8
twil,14
bats,1
batt,229
masa,2
ogyg,1
bato,1
mase,2
twig,4
masc,1
twit,11
mash,1
twis,20
masm,2
bath,8
bate,3
twin,9
mask,4
iwil,394
maro,2
basa,8
marn,1
stev,1
stew,19
mart,19
mars,33
marr,93
mary,81
iwit,2
iwis,48
twic,26
marv,26
baru,8
bars,9
bart,7
mara,8
bass,3
stei,1
mare,6
mard,11
baso,1
marc,92
stee,58
marb,4
ster,39
mari,23
bask,16
step,81
bash,1
marg,5
basi,48
sten,7
marl,2
mark,81
base,16
stem,3
bava,2
mauv,1
stif,16
stic,24
maud,1
maul,4
bavi,1
maun,1
mats,1
matr,5
matw,1
matu,1
matt,170
sthe,1
stha,3
matc,14
matb,1
baur,2
mata,1
mate,23
baul,3
stgu,4
mati,1
math,19
stjo,8
stju,3
mavr,9
stje,3
stja,3
stin,12
stil,278
stim,6
stit,4
bawl,2
stir,42
stip,3
mayw,10
mayv,1
stma,4
mayu,1
mayy,4
bazd,2
baza,3
maza,1
maze,1
mayh,31
twor,16
twos,25
mayg,18
twop,11
mayf,8
maye,14
twon,6
mayl,8
mayk,5
twoo,40
twol,18
mayj,1
mayi,27
twom,16
mayp,6
mayo,6
mayn,11
maym,6
twoy,8
mayt,48
stlu,2
twov,4
twow,13
mays,24
twot,26
mayr,8
twou,2
twob,12
iwor,3
twoc,15
twoa,23
iwou,65
twok,3
baya,2
twoh,24
stlg,2
twoi,6
mayd,5
twof,12
twog,15
mayc,10
mayb,138
twod,20
maya,16
twoe,9
bayt,2
maxi,4
bayr,1
bayo,4
iwon,42
stoc,19
stol,11
stom,13
stoi,1
stof,1
ohce,2
ohbo,1
iwri,7
pkel,1
ohbu,4
iwro,4
ohbr,1
stna,1
ohba,1
ohan,4
ohah,3
ohav,1
ohap,1
ohar,4
yeam,2
yean,5
ohea,3
year,209
yeas,1
yeat,4
yeaf,4
yeah,3
yeai,3
ohdo,12
yeaa,20
yeab,2
neap,1
neat,7
near,162
stpy,1
stpa,7
ohde,8
ohco,11
stou,16
stor,100
stop,98
ston,121
stoo,169
ceas,41
ohcr,1
stov,4
stow,3
ohcu,1
cede,2
ohgh,2
neco,4
stru,100
yeca,1
necs,1
necr,2
ohfo,1
cedu,1
cedr,2
ohfa,1
yebo,1
stre,311
zher,6
stra,314
ceci,2
stro,156
nece,115
neck,39
stri,167
nech,2
ceda,11
stqu,1
yebe,1
yeau,2
yeaw,3
yeay,2
ohev,1
ohid,4
nefa,1
ohif,3
stuf,18
yeev,2
ohia,5
stud,46
ohib,1
ohic,2
stur,1
ohil,2
ohim,3
stup,12
ohin,2
ohih,1
stun,4
stum,36
ohhs,1
yeea,1
ohhu,1
ohho,13
neer,4
stub,34
stuc,9
ohhe,7
stth,1
need,99
ohha,5
yedi,2
stto,1
ohhh,1
bbbb,2
neek,1
yedo,1
ohgr,2
yeda,2
ohgo,7
yede,1
nedw,1
http,1
nehe,7
ohke,1
yego,2
yegr,1
nehm,1
negr,3
ohje,1
twym,1
nega,3
ohja,1
zhil,2
ohjo,1
nego,13
ohji,1
yefo,4
negl,19
ohit,8
ohiv,1
ohiw,1
ohip,1
ohir,2
yefi,2
ohis,3
ohmi,1
styl,10
cejp,42
yein,2
ohmr,1
neit,238
ohma,5
yehu,2
ohli,1
neig,88
ohle,3
ekon,2
ceil,7
yeho,1
yehe,3
ceje,1
yeha,1
nele,1
celt,2
ohoh,9
ohor,2
ohos,1
ohou,3
cell,11
ohon,1
dhon,2
nels,2
ceme,3
ohnu,1
ohni,3
ohne,2
ohno,22
celi,2
ohmy,14
cele,25
ohna,2
cela,2
yemy,2
cent,51
cens,10
yemr,1
ohqu,2
yemu,1
ceno,1
dhri,1
yemo,5
yema,3
dhre,1
yeme,5
ohpl,3
yelp,1
yell,34
ohow,10
cend,2
cene,2
ohoy,1
ohpe,2
neme,1
yele,2
ohpa,3
ohso,4
ohsp,1
nept,12
yeot,1
ohst,2
ohsa,10
yeon,1
ohsh,5
yeof,2
ohsi,1
neph,16
ohse,2
neol,2
ohru,2
neny,1
ixbu,1
ceph,3
cepe,1
ixca,4
subt,17
subu,10
yerb,1
subs,38
yerc,1
ohun,1
yere,1
nerv,14
cerv,20
cert,158
nert,2
ceso,1
subd,18
subc,2
suba,1
nere,2
subo,8
cese,3
huca,2
subl,3
subm,29
subj,74
neri,7
cesa,3
nerg,2
ohto,2
suav,1
ohtr,1
hubs,1
cero,1
ohta,1
ohth,33
yepe,3
cere,21
sual,2
hubb,3
cerc,1
ohte,1
yeta,22
yetb,21
yetc,6
yetd,6
nett,2
yete,10
nets,3
ohwo,2
yetf,5
hueo,1
yetg,5
yesw,31
yesy,94
hues,1
cett,2
cetu,1
grav,55
yeso,14
yesp,13
yesr,15
ohwe,6
gray,15
sudd,245
yess,118
graz,2
yest,82
neta,3
yesv,3
ohwa,1
neth,2
yesg,5
yesh,33
yesi,151
yesj,10
hueb,1
yesl,14
yesm,31
hueg,1
ohwh,8
yesn,4
graf,3
ceta,1
yesa,42
yesb,21
grai,7
yesc,5
yesd,14
nesr,2
yese,11
gram,3
yesf,5
gran,77
nesv,11
grap,14
nest,10
cess,2
gras,50
cest,2
grat,27
such,274
ceto,1
succ,72
ceth,2
ohvi,1
suck,7
grab,5
hudd,5
ohve,3
grac,81
cete,3
grad,16
nevo,1
nevv,2
foam,5
hugu,1
suga,4
ohye,42
suff,130
neve,320
ohya,1
huge,14
ohyo,15
hugg,3
yeun,2
suev,4
neut,1
sues,3
neur,2
yety,4
rrcb,3
neuv,3
yetp,1
yetr,5
yets,34
yett,46
yetu,4
yetw,12
bbsi,2
yeth,41
yeti,30
yetk,1
yetl,4
huff,1
yetm,14
yetn,12
yeto,10
next,140
suic,4
focu,1
nexp,2
mbul,1
news,51
newr,1
newp,3
gren,18
neww,2
yewh,2
yewi,1
newt,9
newz,1
newy,2
grew,33
grey,32
newc,3
newb,4
bbut,1
newa,11
sugg,20
newg,6
newf,2
newe,2
grea,558
newd,5
grec,3
newi,1
gree,102
newh,2
newo,1
greg,7
newm,8
newl,12
play,76
plaz,1
foeo,1
plau,2
foep,1
elbe,5
foes,1
foet,2
sukh,2
plai,92
plag,12
foeb,2
plaq,2
plas,8
yeyo,1
plat,40
elbo,11
plan,77
yeye,1
elah,2
neyw,1
elab,7
plac,334
elat,2
elas,5
fodd,3
elap,3
suiv,1
suit,52
elan,1
elam,5
suma,1
hump,8
fogs,1
humw,1
elde,20
diad,5
diab,1
sumg,1
elda,2
huma,50
sulp,1
humb,29
sull,9
sulm,1
sulk,4
humi,15
diar,8
humm,4
dian,5
humo,21
diam,9
fogl,1
dial,5
grin,15
grip,4
gris,7
elce,3
grit,1
elca,3
grid,1
grie,53
hull,15
hulk,3
gril,1
grim,16
huor,2
elfl,1
dick,5
dice,1
elff,3
elfc,1
sunr,7
suns,27
plen,19
plei,3
sunn,3
suno,3
sunl,10
elfw,2
dict,10
elft,1
elfs,4
foil,2
sunw,7
sunt,4
elem,7
sunb,7
hunt,33
suna,11
huns,2
eleg,6
sunk,4
elec,28
sunh,3
suni,1
plea,199
elea,8
sunf,2
sung,10
pleb,1
sund,14
pled,6
sune,1
hund,183
sumo,7
hunc,2
sump,4
summ,48
hung,58
elev,22
eleu,2
eles,1
dibo,4
elep,13
sums,3
sumt,1
elen,8
diem,1
diei,8
dieg,5
dief,3
died,34
hura,3
groa,13
dieb,6
diea,6
hurd,1
elha,2
elia,19
oido,1
ixth,4
supr,7
sups,1
supp,194
diey,1
diew,2
diev,2
dieu,7
diet,6
dies,3
dier,2
didn,181
supe,58
didm,3
supb,2
didk,1
didi,34
didh,17
didg,2
didf,3
dide,9
didd,2
didc,2
suph,2
didb,9
dida,15
foka,1
didy,44
didw,6
didu,2
didt,34
dids,48
didr,4
didp,1
dido,4
dign,20
susc,1
susa,7
digi,1
susp,59
digg,7
huta,1
dige,5
hutc,1
fond,11
surv,15
hush,28
suru,1
surr,63
plin,1
surp,76
digu,1
huss,18
digt,2
digr,4
hust,4
surf,19
rrod,1
grot,3
plia,1
grou,152
elip,7
surg,3
grov,15
elio,2
grow,68
sure,66
elim,2
surc,1
rrob,1
sura,1
elij,3
surn,6
elih,2
diff,187
husa,2
elig,2
surl,4
surm,6
dife,1
elie,4
husb,70
elic,2
plig,4
suri,2
folc,2
diga,1
fold,26
hurh,2
grog,1
groi,2
foli,4
hurl,2
eliz,3
folk,34
foll,263
gron,2
huro,2
groo,3
hurr,61
eliu,10
grop,3
elit,1
hurt,26
elis,15
gros,7
mcca,1
elma,2
fool,70
foot,93
hutw,2
xcaf,1
food,27
zigo,1
huth,1
mcan,1
ixwh,3
suss,1
sust,11
xcae,2
huts,3
font,2
fora,459
grub,1
forb,124
forc,140
grud,9
ford,50
grue,1
fore,287
gruf,1
forf,49
forg,231
forh,367
dile,2
dila,3
suvo,4
dike,7
mccu,1
fops,1
dimw,1
dims,1
dimr,1
dimp,3
cfjp,4
dimo,1
dimn,1
dimm,6
diml,9
dimi,20
oilw,3
ding,2
oily,3
dine,7
plot,12
oils,2
oilt,3
plou,4
zill,2
dina,4
foss,2
fory,98
oilf,1
forz,2
oili,3
oilb,3
plod,1
eloq,6
oild,1
oile,1
elop,2
oiln,1
elon,3
oilo,2
plop,1
oilp,1
oilj,1
dili,15
eloi,2
fori,468
forj,27
dimf,1
fork,13
dime,5
grul,1
forl,32
grum,3
form,260
grun,3
forn,82
dimb,3
foro,69
dima,1
forp,40
forr,13
fors,191
fort,1559
oila,7
foru,24
forv,10
forw,372
diot,2
dios,1
elro,24
foul,9
foun,233
oint,7
four,138
else,72
zina,1
dint,2
dino,1
dinn,53
foug,30
dini,6
dioc,1
oina,1
huzz,1
foxe,2
foxg,2
elto,3
dire,113
elud,2
eluc,1
ziph,3
xciv,1
xcix,1
fowa,2
dips,2
dipp,4
fowl,15
xcit,1
dipl,10
xcii,2
elth,2
disu,3
hval,1
dist,254
diss,49
disr,9
disq,11
disp,129
oisr,3
diso,17
dite,1
ditc,10
tych,2
plum,11
plun,18
zira,1
dirt,9
cfor,1
elus,1
plur,1
plus,1
dism,35
disl,8
disk,1
disi,10
dish,17
elvi,6
disg,40
disf,8
dise,21
disd,7
elve,44
disc,206
disb,6
disa,64
pluc,11
divo,5
divi,122
dive,39
diva,1
ditt,1
iyet,2
iyes,1
bcom,1
oiwo,1
dixi,6
divu,1
elys,1
bcth,1
tyin,2
sven,1
iyie,2
dizz,1
ziza,2
embi,1
xcwh,1
embe,5
emba,21
mcwa,1
mcwh,2
embr,41
embo,2
mcwo,1
xcvc,1
emac,1
xcvi,3
emat,6
eman,3
emal,2
typi,2
typh,2
type,4
iyou,1
tyra,8
tyri,3
tyre,3
emer,17
mdai,1
emin,5
emig,2
emiv,1
emis,1
emir,1
emma,4
laba,12
bdel,2
labb,1
mdeb,1
labi,7
laad,2
lada,1
empt,36
lade,11
cgjp,2
empr,6
ladf,1
ladd,8
empo,2
ladi,25
empl,26
ladh,1
empi,16
emph,6
ladl,1
lacq,1
laco,1
emot,10
lace,7
lach,2
laci,2
emol,1
lack,9
labo,59
empe,94
fpro,1
labr,1
ojoe,1
lafe,1
cglo,1
laer,5
emse,1
laet,2
lael,1
ladv,1
lads,9
ladt,2
lady,61
ladw,2
wade,1
wadd,4
lahe,2
wago,9
aahr,1
emul,3
wagg,9
wage,10
lagg,2
lagn,2
lago,1
waft,1
emth,3
laga,1
wafe,3
waiv,2
wait,123
wais,14
hwal,1
wain,9
wail,9
laid,59
lain,7
lair,2
swbo,1
emyn,4
wake,20
lalc,1
waki,4
swas,1
swat,4
swar,6
swam,8
swan,6
sway,21
swad,2
swal,25
swai,1
swag,2
lake,14
lank,1
lann,2
lant,10
aaog,1
lanc,30
land,255
lang,56
lane,5
lanf,1
walw,4
walt,1
lamo,1
lamp,19
lamu,2
wale,1
wald,3
lamb,13
lama,6
waln,4
wall,114
walk,125
lame,33
lapp,2
lapu,2
laps,1
lapt,1
aaqm,1
lapi,5
laom,2
want,137
swer,5
swee,46
lany,1
swed,2
swea,25
wane,1
wand,31
laod,4
swep,9
laoc,1
swel,12
larm,2
larr,1
warg,2
warf,6
ware,6
ward,7
hwit,1
warc,9
warb,4
wara,18
larc,1
larg,102
lark,3
aaro,23
wasy,6
latt,30
wate,199
gthw,1
watc,106
wasp,67
waso,70
wasn,182
wasm,63
wasl,62
late,78
wask,10
wasj,12
latc,3
wasi,89
lati,11
wasw,65
wasv,19
wasu,31
lath,2
wast,284
wass,171
wasr,70
wasq,10
last,160
enac,4
enab,6
wary,1
lass,4
wash,113
wasg,70
wasf,59
wase,45
wasd,69
wasc,82
wasb,74
wasa,325
waro,6
warn,26
warm,22
warl,6
wark,1
wari,12
swif,40
warh,8
lasc,1
warw,16
lash,13
swis,3
swit,4
enan,2
enam,1
swir,2
wart,12
wars,17
warr,23
swim,12
swin,28
warp,2
endi,16
endh,5
endg,1
lavr,7
endf,7
lavw,1
ende,41
endd,1
endb,8
enda,14
wavi,5
lawa,4
wave,23
endw,6
endu,41
endt,15
lave,4
ends,15
lavi,4
endp,1
endo,53
endn,1
lavo,1
endm,1
endl,12
enci,6
laur,5
ench,60
laut,2
enca,14
encu,3
laug,112
laud,9
enco,49
laun,9
encl,9
wats,1
waxe,1
enfi,1
waxa,1
enfe,1
layb,3
laya,8
pneu,1
enfo,1
lawt,2
laws,30
lawy,6
laww,4
lawd,3
lawb,2
lawc,2
lawh,3
lawi,11
lawf,16
ener,17
lawm,1
wavy,1
lawk,3
enem,223
lawn,3
lawo,8
lazy,4
enha,3
wayu,2
wayt,36
laze,1
ways,46
wayr,1
wayp,2
lazi,2
wayo,39
wayy,3
wayw,10
wayf,12
waye,5
engl,40
layw,4
wayd,5
layt,12
wayc,4
chai,54
layu,5
wayb,16
engi,13
chaf,3
waya,30
chab,2
wayn,3
enge,3
waym,2
wayl,3
enga,38
wayi,27
laza,7
wayh,7
layf,1
swor,125
layd,13
swoo,6
laye,6
layh,9
chat,11
layi,19
swol,3
char,207
layn,4
engu,2
chas,36
layo,7
chap,1324
layl,1
engr,6
laym,4
chan,174
layr,2
chao,3
lays,4
waxw,3
chal,35
cham,40
beal,12
enjo,38
beam,15
beaj,2
beak,3
beah,3
beaf,10
beag,5
bead,13
mead,18
meac,4
beab,17
meab,5
beac,14
meag,4
meaf,2
beav,8
beaw,4
beat,64
beau,148
bear,117
beas,62
beap,5
bean,24
beco,125
becl,6
beck,4
meca,3
bech,2
beci,3
enli,14
swun,4
bece,1
becb,2
mech,8
beca,665
mebu,8
becu,7
mebr,1
becr,4
meby,6
chel,6
bebl,5
chem,2
mebe,5
enki,4
bebe,8
chee,59
cheb,2
beba,1
chec,16
okhe,1
chea,4
meal,17
enla,5
beby,3
meap,2
mean,313
meam,3
meat,29
bebu,6
chev,2
meas,79
chew,5
mear,3
chet,1
cher,21
ches,22
meaw,7
bebr,14
bebo,8
beeq,4
been,474
beel,9
enno,2
meea,1
beeh,1
abbe,2
beei,1
beef,3
meek,7
beeb,1
beec,6
befa,24
medo,6
chic,2
medl,1
medr,1
beex,7
beev,4
beet,4
abbr,3
beer,7
bees,8
bedo,24
abal,2
abao,2
bedm,1
aban,27
bedn,1
bedi,15
meda,5
abaj,1
bedh,7
abad,4
abag,2
bede,29
mede,6
enmi,4
medd,8
bedf,4
bedc,2
bedd,1
medi,39
beda,9
abac,3
bedb,1
beea,6
mecl,1
mecr,1
abay,1
okin,4
bedy,1
meco,6
bedw,4
abat,14
bedu,5
beds,16
bedt,9
abas,7
bedr,12
begr,8
mega,1
begp,2
begn,1
bego,29
chjp,1
mege,1
begl,10
megi,2
begh,1
begi,125
abdi,6
begg,33
bege,5
abde,3
abea,10
beha,33
mefo,18
mefr,9
begy,3
begt,2
begu,27
abdu,1
enou,84
mefa,2
chir,2
abco,1
chis,3
befr,5
befo,736
chip,1
enor,15
chin,8
chil,304
chim,13
befi,11
mefi,1
befe,10
chif,1
abcb,1
chig,1
chid,3
chie,80
abcd,1
bega,166
meet,59
meex,1
meev,5
befu,4
chiv,25
beit,18
meid,2
meic,7
meib,1
beis,2
wben,1
meia,1
meih,1
bein,344
chlo,1
meif,4
meil,3
beil,1
beim,5
enro,7
meik,2
meij,1
meip,2
mein,16
enri,5
meim,2
ensi,3
ensh,2
ensc,2
enqu,2
meha,5
aber,2
behr,1
beho,310
abel,8
mehe,15
aben,1
behi,187
mehi,6
meho,5
abee,1
abed,3
behe,39
abeg,2
beid,2
megr,1
megp,2
mego,1
beic,1
behy,1
abet,1
behu,3
entw,12
abho,9
meki,1
entt,1
ents,10
entr,86
bekn,4
mekn,1
ento,1
beki,5
abie,3
belg,5
choi,14
abid,21
abig,6
bele,10
belf,4
abia,8
chod,2
belc,1
bela,11
choc,6
beju,4
ensu,3
bejo,4
ensl,1
meit,11
enti,41
meis,6
enth,13
beke,3
ente,132
meiw,5
entd,1
enta,11
bemy,5
memf,3
meme,3
envy,10
bemu,6
memp,2
memo,54
bemo,15
memm,2
memt,2
mems,2
envo,1
beni,4
benj,18
beng,2
melu,1
benh,3
melt,9
bene,83
enwh,1
benc,9
mely,4
bend,15
bena,8
memb,23
mema,1
abiu,2
abit,16
mele,5
bels,1
belt,10
chou,1
abis,4
meli,9
chor,2
chos,41
abir,5
chop,6
belo,121
abim,6
melo,4
abil,8
abio,2
choo,38
abin,2
mell,2
chol,1
bell,44
beli,159
enum,1
chok,7
bemi,13
envi,12
beme,7
enve,5
bema,17
melc,16
mela,16
bely,1
chry,11
meoh,1
meon,11
beov,2
beou,3
ablu,4
beor,5
meor,5
ablo,5
chro,4
meov,3
beon,5
meou,6
meny,2
bepl,3
menw,51
bepi,5
bepe,6
xeno,1
meob,1
bepa,6
meof,11
meni,19
menh,11
meng,3
menf,10
benu,2
menm,5
menl,8
menk,2
bent,18
menp,3
beno,83
meno,63
menn,7
menu,5
ment,101
benn,13
mens,47
menr,1
memw,3
chri,233
memu,1
beof,26
able,58
memy,9
mena,59
beob,5
chra,2
abla,6
mene,29
mend,9
menc,10
menb,19
bequ,12
mequ,1
bern,3
abom,33
abol,7
berl,1
beri,5
berg,27
bere,29
abod,14
chub,3
bera,2
chuc,2
aboa,7
guad,1
mepi,1
bepu,10
mepr,1
bepr,16
bepo,3
guar,105
abne,6
mepe,3
mesn,1
frag,22
mesl,1
frai,4
mesp,2
meso,14
fram,9
fran,47
besw,1
mesu,1
best,86
mest,2
mess,61
besu,18
bess,1
besp,6
frat,3
beto,17
mesa,12
beti,3
mese,9
beth,114
wbor,1
bete,2
mesi,5
mesh,7
beta,16
rubt,2
merm,2
merl,3
abov,111
berz,2
rubo,1
mero,6
aboy,3
berw,1
abox,4
beru,2
abos,1
abor,1
abou,443
bers,6
merr,83
bert,3
abot,1
chur,69
aboo,5
chus,4
berr,2
ruby,1
beso,22
besl,2
rube,13
mera,5
rubb,16
besh,6
besi,149
mere,63
rubl,4
merc,103
bese,47
meri,17
besc,5
merg,2
besa,15
rubi,1
beva,5
meup,7
absa,11
meun,7
ruey,1
meus,1
abru,10
beut,2
beus,4
abso,30
ruef,9
rued,1
absi,1
beve,3
abse,29
meto,58
metm,1
mets,2
metr,8
guel,4
betw,193
metw,7
betu,6
metu,2
mett,10
guer,5
gues,67
bett,131
rudy,4
gueu,1
mety,1
betr,31
guev,1
beup,5
frau,1
rude,5
beun,11
abro,29
abri,9
metb,2
meta,14
rudd,3
metg,1
abre,4
metf,1
mete,2
abra,54
meti,11
meth,96
mewr,2
frei,1
abuc,4
fren,128
freq,23
fres,37
fret,2
mewa,2
abus,12
abur,9
abum,1
mewe,2
rugg,4
abun,31
frea,2
mewi,10
mewh,14
frec,1
fred,5
free,112
abud,2
lbso,1
bewa,40
ruga,5
absu,17
abst,16
bewr,6
meve,1
bewo,7
ruff,5
bewh,10
bewi,39
bewe,11
bezu,16
pock,60
bezo,1
meye,1
ruin,40
meyo,10
guil,28
beye,14
guin,5
guis,1
frfr,1
guit,1
frez,1
beyo,110
guid,25
pobr,1
pobl,1
frin,3
rule,57
friv,2
poem,1
fria,6
fric,1
guld,2
abys,1
abyr,1
frid,1
frie,197
gulf,5
frig,47
poet,25
gull,3
fril,1
podr,1
pods,1
gunp,1
runb,2
guns,23
runa,7
oldw,14
gunt,1
oldy,1
gunw,3
runh,2
nibb,1
rung,1
runi,1
rund,1
runc,2
oleb,2
runf,1
rune,2
rumo,16
oldk,2
oldl,10
oldm,41
rump,3
oldn,6
gunc,1
oldg,5
oldh,8
oldi,5
gunf,1
olds,11
rumw,1
oldt,21
oldu,1
rumy,1
oldv,2
oldo,10
rums,1
oldp,15
rumr,1
gunm,1
gunn,3
oldq,1
oldr,5
gump,1
oldc,13
oldd,6
olde,17
rumi,2
oldf,21
rumb,5
olda,29
oldb,11
frja,1
cian,1
olga,1
cidh,1
cide,8
cida,1
nick,5
poin,94
nich,124
nico,6
pois,14
cice,5
nica,4
nice,12
runo,1
runr,2
runl,3
runn,60
runm,1
olet,5
runw,2
runt,6
cico,1
runs,3
runu,2
fros,13
pola,4
frot,2
olib,2
frou,1
frow,15
froz,4
rura,2
poli,51
poll,5
pole,9
gusc,1
olig,5
yiel,31
froc,4
niem,1
frod,256
gurg,1
frog,3
froi,1
gurk,1
from,1478
fron,78
gurr,1
niec,6
gura,1
poke,5
rupt,1
ponc,1
pond,12
ruth,11
poni,9
rust,14
guti,1
russ,87
pomp,33
guto,1
lcar,1
guts,1
gutt,2
acal,3
acak,2
acan,15
pome,12
acam,1
acag,1
poma,1
acad,6
nigg,1
nige,2
pomm,3
rush,40
ciga,5
nigh,235
gute,16
olip,4
gush,3
acat,6
poly,3
acas,1
acav,6
acau,2
olit,2
acap,4
acar,7
oliv,19
gust,1
pope,8
cijp,1
popp,2
popl,2
poop,1
poor,93
acco,408
acci,26
olla,1
accl,2
pool,11
ciii,1
acce,59
pooh,3
acca,7
ciic,1
pont,9
rutt,1
accu,61
pony,3
pori,1
porc,11
nile,2
porp,6
oloo,3
porr,2
eorl,2
pork,1
cili,2
porn,2
frui,46
frum,2
frus,1
acer,11
acen,2
niki,1
niko,6
fruh,1
popu,17
olmu,3
pops,1
aces,1
achs,4
poti,1
nine,33
achr,5
achu,2
acho,5
pote,4
nini,4
potf,1
achn,1
poth,3
ninn,1
cinn,2
pots,4
pott,6
achi,47
poto,6
cini,2
acid,2
post,66
pota,2
achz,2
cimu,1
posi,84
nimb,3
pose,1
poss,247
olov,2
cing,2
ache,8
cine,1
olor,65
port,75
acha,46
posa,1
niph,1
nipp,2
fryt,1
pove,14
pova,2
acit,5
acis,1
poul,1
acir,1
pour,39
fryi,5
poun,18
nint,1
potw,3
pouc,5
aclu,2
aclo,6
olur,2
cisa,2
oluc,2
ackn,19
ciri,5
acle,8
powd,8
powe,145
circ,122
acla,5
niti,1
city,129
nitr,2
cits,1
hyen,2
acol,7
acob,2
acoa,2
acoc,2
nisi,3
hyde,1
cist,7
ciso,2
citi,66
cite,3
cita,8
olym,4
civt,1
acqm,2
acov,6
acou,19
acow,1
acor,12
acos,1
acon,34
acom,20
acop,5
acoo,1
civi,22
syen,2
cive,1
acry,5
cixw,1
acsm,1
acqu,60
acro,81
acri,4
acre,5
acra,5
acts,36
actr,3
actu,29
acup,3
niza,1
acur,6
nizh,1
acuf,1
acta,4
acto,8
epau,2
actn,2
epap,3
actg,1
acti,98
actb,1
acte,8
hymn,4
syme,5
symb,4
syll,6
acut,5
acus,1
syna,7
omag,2
symm,5
symp,13
oman,4
ephi,2
ephe,12
ephr,35
epho,9
hypo,19
syph,2
hyst,2
syro,2
epil,2
syra,1
omew,1
fsls,1
epig,1
epid,1
syri,19
omen,8
epit,3
epis,20
epip,2
omer,1
fsom,1
dmit,9
syst,7
rvpo,1
adbu,1
adam,11
adal,2
adai,2
adab,1
adad,2
aday,11
omin,4
adar,11
adau,3
adat,2
omis,1
adan,2
omit,7
adap,3
addn,3
addm,1
addo,4
addi,26
addl,1
adde,41
adea,6
addw,1
addr,40
addt,6
adds,2
epor,3
adeo,3
omne,2
aden,1
adeq,5
adep,1
adel,7
adeg,1
adef,3
adec,8
omni,5
adee,7
ppps,1
adew,2
adev,4
ades,11
adet,2
adhe,4
adie,4
adia,3
ppsm,1
omos,2
vaca,3
adju,31
adjo,5
vaft,1
adis,18
adin,5
adip,1
adim,1
adil,2
adje,3
yjni,2
adiv,2
mgol,1
admi,78
adma,2
vagr,2
vagu,8
vaga,6
adog,3
adoc,1
vain,23
admo,13
gwai,2
vaie,2
kais,1
omyp,3
valu,14
vals,1
omyt,2
vale,15
vald,1
vala,2
omyg,3
valo,34
vall,44
vali,42
adoz,5
adou,6
adov,3
adop,23
ador,41
adom,1
adol,1
kalu,1
adoo,4
adon,8
kala,1
kale,1
adru,3
adro,4
vani,36
vang,1
vane,4
vanr,1
vanq,13
vano,1
adri,9
adre,13
adra,10
adua,2
adul,16
adug,1
vapo,12
fted,1
adte,4
adwa,2
vary,5
varn,3
vari,32
varg,1
dnan,1
varu,5
kash,1
varr,2
karl,1
adva,105
karp,2
vare,1
adus,1
adut,2
advo,4
kara,17
advi,43
adve,78
vaua,7
onby,5
onbu,4
vaud,1
onbe,4
vati,1
onbo,15
onbr,1
onbl,2
adyi,1
onav,1
onaw,3
onay,1
onar,4
onas,9
onat,7
onau,4
onba,1
vate,1
onaf,3
onag,3
onah,6
onab,2
vask,1
onac,10
onad,3
vasi,26
kath,5
onan,18
onap,3
vast,16
vass,8
onal,9
onam,2
ondu,2
dned,3
oneb,30
onec,39
oned,42
onee,21
onea,105
onde,5
ondo,3
onda,2
vaun,1
once,156
vaul,3
oncl,1
onco,10
kays,4
onge,1
onga,1
kaza,1
onfi,12
onfo,12
onfr,6
onev,11
onew,56
onex,3
oney,2
onfe,2
onfa,1
onej,4
onek,9
onel,12
onem,54
onef,19
oneg,8
oneh,38
onei,37
oner,22
ones,110
onet,88
oneu,6
onen,17
oneo,173
onep,24
oneq,2
onia,6
onif,1
dnie,1
onho,3
onhi,104
onhe,51
dnhe,1
onha,5
ongo,1
ongi,1
ongu,1
weag,1
weac,5
wear,158
leba,3
weap,27
wean,4
weal,37
lebe,4
weak,43
onjo,4
leak,2
lean,46
lear,73
leas,69
leap,16
leav,193
onju,3
leat,13
leaf,9
leag,24
lead,78
onin,10
onio,1
onit,24
wecl,1
onme,2
leda,2
wech,1
ledb,7
wece,4
onma,3
ledf,1
ledc,2
wecr,1
ledi,2
weco,18
ledg,3
onmi,1
ledh,4
weby,3
webu,2
onlo,4
only,390
lect,4
aedu,14
weca,39
onla,3
webe,3
webd,1
onli,2
webs,1
webr,3
onle,2
webo,1
lech,1
weav,1
weat,26
onkn,1
weas,3
weba,1
onku,1
ween,2
onof,2
week,23
onoa,1
onob,1
onoc,6
weev,1
onon,20
onoi,1
weep,40
leeo,1
onno,9
leer,2
lees,2
leew,5
weed,3
onne,2
wedi,10
wedg,2
wedr,4
wedo,22
dnne,1
wedn,7
ledm,2
onmo,3
ledo,3
wede,4
wedd,10
leds,1
ledt,6
weda,1
ledy,2
onmy,16
wego,11
wegi,6
wegu,1
wegr,2
onpu,1
legp,1
lego,40
legt,3
onpr,1
equa,45
legs,26
legy,1
wege,1
wega,1
onpe,3
wefo,9
lega,5
onpa,4
legd,1
lege,6
legb,1
wefi,3
legh,3
legi,57
aegi,6
onpi,2
onot,1
onou,9
onop,2
left,169
gwyn,2
weex,1
onor,1
wefe,4
aegy,2
aegu,1
onsh,11
onsi,2
wein,1
onse,16
weim,1
onsp,1
onsl,2
onsn,1
onso,9
leis,14
leip,1
onsa,6
weig,35
weho,2
onre,31
onro,3
leio,3
equi,12
weha,145
onqu,1
wehe,7
bhow,1
leli,1
wekn,18
onus,2
onun,1
lelo,2
ontu,1
ontw,1
weki,3
lela,1
weke,1
onti,6
wejo,1
onte,1
onth,771
onto,32
onst,5
onsu,5
aelb,3
leng,44
wemu,38
onwh,32
onwi,8
leni,2
wemo,1
lenn,1
lens,2
lent,5
onwr,1
weme,1
wema,33
onwe,4
wemm,34
lend,8
wemi,8
onwa,4
lena,1
wels,2
welo,5
lemo,4
onvo,1
lemp,1
wele,7
weld,1
welc,31
well,940
onve,1
weli,6
lemb,2
welf,6
lema,1
onyo,10
weou,5
weor,1
wepa,3
lepr,7
onyx,4
weof,1
weon,3
lepe,3
onyc,2
leoi,1
went,242
leon,9
aeol,2
aeph,2
wene,9
wenc,4
weno,3
leoa,1
fuce,1
lero,1
wequ,1
aero,3
lera,1
quar,88
quan,16
wepu,2
wept,15
quam,3
wepr,3
wepi,2
quad,1
quac,4
wepe,2
aeri,1
quai,2
qual,26
quak,8
quae,1
wepl,5
aera,1
letm,72
letn,68
prat,4
letk,1
letl,2
letr,6
prap,2
leto,11
fuel,3
wesu,4
letp,5
letu,109
wete,5
wetd,1
lets,19
wetc,4
lett,245
lety,16
weta,3
pray,86
letw,4
prac,36
prae,6
wesh,64
leta,28
letb,3
wese,17
lete,10
west,93
letf,5
letc,2
letd,9
pran,3
leti,23
wesp,3
letj,2
weso,1
prai,96
letg,10
leth,63
wery,1
lesq,1
weru,1
wert,4
lest,84
less,71
wesa,17
eras,2
weri,1
aeto,2
were,1154
lesd,1
lese,1
lesb,4
erai,1
fugi,13
doad,1
doac,3
weve,21
levy,1
weun,1
doat,1
doas,8
doar,2
leva,2
doan,6
vbru,1
doam,1
doal,6
leve,26
weus,1
levi,84
doag,3
fufi,1
quex,1
quer,4
wetw,1
ques,144
leuw,1
wetm,1
quee,81
weti,1
weth,9
leuc,1
wetf,1
quen,9
quem,2
wett,3
wets,1
wetp,2
weto,5
prey,11
lexo,1
prez,1
pres,380
pret,65
doca,1
preu,1
prev,77
quid,2
quic,100
doby,2
preg,2
wewo,7
docu,4
prei,1
doct,43
prej,7
prec,102
pred,13
pree,5
pref,24
wewi,42
doco,2
lexi,1
preo,10
prep,92
prer,1
dock,4
prel,8
prem,6
pren,2
ereg,1
dobe,1
eref,1
eree,1
erec,12
wewh,4
prea,27
wewe,56
doaw,1
wewa,17
erew,2
dobu,9
eret,11
eres,1
erer,1
ereq,1
ereo,1
lewi,1
eren,2
erem,2
erel,6
erek,1
erei,3
doei,2
zodi,2
clay,7
weyr,4
doex,1
doev,1
does,87
doel,1
clad,13
dode,2
quiv,12
quix,201
clav,8
claw,6
clat,5
quil,5
clau,9
clar,14
clas,14
quie,56
clap,10
quih,2
leyd,1
clan,6
quir,3
dodo,5
quit,130
clam,16
quis,1
quin,4
clai,13
quio,1
dogi,3
dogg,2
priz,4
dogc,2
prim,8
oofl,2
prin,684
dogw,3
fumb,3
fume,1
pris,92
dogs,11
dogr,2
bian,1
priv,53
fumi,1
dogo,6
prio,2
dogl,1
fuln,5
dofi,1
pric,24
prid,22
prie,93
erit,1
fulf,29
dofo,5
erip,3
full,374
doim,2
bick,2
doig,2
doif,1
quoh,2
doid,3
quog,1
doic,1
quoi,2
mice,2
ooho,1
doiw,3
doit,16
dois,4
doir,1
oohw,1
doin,67
dohi,2
funr,1
clei,1
clef,8
xian,1
dohe,4
erke,4
clea,145
funa,1
clev,21
func,7
bibu,2
fund,6
fune,6
cler,11
bibr,1
bibo,1
miam,2
clen,4
cleo,3
funn,7
clem,6
bibl,4
furb,3
midn,15
mids,56
midw,7
bien,1
afai,14
ermo,8
bidi,1
bidd,50
erme,1
afac,2
midg,5
mide,1
midd,55
mich,36
bidy,2
afau,2
afat,3
quon,1
xica,1
afav,2
mick,2
micr,3
doju,3
afar,15
mico,2
quot,7
afam,6
afal,6
quos,1
bidm,1
afan,3
bign,1
domo,2
bigi,1
domi,61
bigf,2
bigg,6
bige,1
bigb,14
dome,15
migh,300
biga,7
donb,1
dona,10
fuse,2
pros,51
prot,63
prom,143
ooll,4
pron,16
fusi,2
proo,14
prop,256
domy,4
bigv,1
prou,30
domu,2
bigr,1
prov,203
prow,11
bigp,1
fuss,2
prox,1
clin,12
furt,82
prob,50
dolo,68
proc,99
prod,60
clim,35
fury,10
doli,2
furz,1
clif,20
ooli,2
proj,26
dolg,10
prol,21
clie,4
dole,5
prof,86
clic,2
prog,20
proh,8
dola,2
doma,4
furc,4
furi,12
furl,8
furn,34
furr,6
errt,2
door,131
errs,2
affo,17
erro,13
affi,12
doon,1
affl,49
doom,21
dool,1
affe,43
erri,1
affa,59
doof,1
oooh,1
erre,1
dopa,1
zone,1
xihe,1
affr,13
doou,1
futu,22
donr,1
afem,1
donq,233
afel,3
donp,1
dono,102
donn,4
vcae,2
donl,1
donj,1
afee,5
dong,5
afea,7
donf,11
done,163
dond,5
erra,12
futi,1
migr,3
migu,5
afew,50
donv,1
dont,262
dons,1
mike,3
zopy,1
mikh,14
clod,3
dore,1
bild,9
afic,1
erud,2
cloc,6
bilb,101
dorc,1
eruc,5
cloa,26
dopr,1
xiit,4
dopp,1
xiiv,1
xiiw,1
xiih,2
dopl,1
xiii,13
ersk,2
dope,5
xiio,1
xiia,1
xiib,1
oooo,1
zonz,1
dosu,2
dost,29
doso,15
mimi,3
zoro,4
dosi,5
dosh,1
doth,75
binc,1
bind,9
dote,1
prus,8
erwe,1
milt,2
dota,1
zora,11
clot,82
clou,53
mila,3
clos,112
afir,16
clop,1
afil,3
prud,23
mile,49
mild,16
doro,15
afin,12
erup,1
milk,17
bill,30
ooro,2
mili,31
bili,19
milh,1
afie,5
milo,7
dori,85
cloi,6
afig,5
mill,30
prun,3
clog,1
clov,1
clow,4
aflo,7
dous,3
oour,2
biol,2
oout,1
mior,1
doul,1
aflg,1
afli,2
minu,34
mint,3
mins,4
minr,1
dove,7
mine,90
mind,148
minc,1
mini,62
dott,1
ming,17
doto,8
binn,1
mino,6
minn,1
biog,2
doug,5
afle,2
doub,111
afla,4
mina,15
dowr,3
down,418
bire,5
afoc,1
afoe,1
birc,2
bird,24
clue,1
club,5
prze,3
cluc,1
afoa,1
prym,1
pryi,2
miph,3
xion,1
dowi,7
dowh,9
dowe,12
erza,1
misj,1
mish,4
misg,6
misn,1
mism,1
misl,2
misr,1
misp,3
misu,6
biso,1
doyo,157
mist,90
miss,89
miry,1
bitl,1
biti,9
bith,3
dozi,2
bite,2
misb,3
bitc,1
misa,9
doze,7
bitb,1
misf,26
mise,44
misd,4
misc,28
afor,22
afou,7
clut,12
mirk,8
birt,25
afoo,33
clus,11
mirt,8
mirr,17
clum,6
bish,4
ryaz,3
mira,23
doye,3
bisc,9
mire,4
afru,3
afro,1
ryec,1
mity,3
xith,4
xiti,1
miti,3
mith,21
bitw,1
bitu,2
bits,5
bitt,44
mitr,2
bito,6
mitt,1
afri,20
afre,20
afra,60
mite,2
xisi,1
ooze,1
esba,2
esay,2
xivv,1
esau,18
aful,9
xivt,3
xivf,1
psal,163
afug,1
xivh,1
xivi,2
xivk,1
xiva,2
xivb,1
xivc,1
clyt,1
bivo,8
afth,1
afte,743
xixw,2
escu,2
esdr,30
esdp,2
xixt,2
xixh,2
xixa,1
esca,81
xixb,1
xixc,3
mixs,1
afut,4
mixt,4
afur,14
esco,9
mixe,9
xiwh,1
mixi,4
psev,1
pseu,2
mizz,1
psdo,1
gyms,2
gyps,1
pshe,1
oper,20
open,145
psle,1
gyra,2
ophi,2
opht,1
nmen,6
ophe,2
opha,2
agag,2
agai,763
opiz,1
opin,46
agat,3
opiu,1
agar,6
agal,3
agam,9
espo,4
espl,1
espi,6
espe,62
espy,1
espr,1
esro,2
essa,2
lger,1
agen,23
agei,2
aged,8
agef,2
ageb,2
agea,11
agew,4
aget,5
ages,13
ageo,6
esqu,2
agho,1
estr,1
jabb,1
estn,1
jabe,3
esti,9
esth,26
agib,2
agia,2
oppo,109
oppr,31
oppy,1
agge,5
esse,13
este,47
agha,1
esta,50
opoo,2
aggr,9
jade,2
jadi,2
jaco,35
agip,2
agir,4
opra,3
agil,3
agin,2
agig,1
opro,1
opri,3
jaci,2
jach,4
agif,2
jack,24
agit,14
agiv,1
aglo,4
jaff,1
agli,4
opti,1
agla,5
jaha,2
agoh,2
agog,1
agob,2
agoa,5
agod,4
jagg,24
psyc,2
jair,2
agou,3
agow,2
agor,1
agot,7
agos,3
agon,11
agop,1
agoo,43
jail,4
cmum,1
agoi,8
agol,3
jaia,1
jale,2
agro,7
agri,7
fwas,1
agre,101
agra,24
jani,1
jann,2
janu,4
agul,1
agun,1
agui,1
ague,3
agua,3
jane,1
jami,2
jamm,4
jamp,1
jamr,1
jame,16
japo,1
etcw,2
etct,5
japa,9
japh,5
etde,1
etcb,3
etca,4
etcs,3
etcn,1
etcl,2
etch,2
jaro,1
jars,1
jarg,3
jari,2
eted,1
eter,31
eteo,1
eten,1
nnas,1
ethe,1
etha,3
ethn,1
ethi,16
jaso,2
jasp,1
jasu,2
jasa,3
java,1
jave,4
jawq,1
cnei,1
jaws,3
jawt,4
jaww,1
jawc,1
jawb,1
jawh,1
jawn,1
lhaw,1
whac,2
whal,179
ahaz,5
jaze,2
jazi,2
ahbu,10
ahbo,1
ahbr,1
ahai,2
ahah,4
ahab,43
etme,1
ahaw,2
ahav,2
ahas,4
ahar,9
ahau,1
ahat,2
ahan,9
ahap,4
ahal,11
ahde,2
ptol,18
ahdo,3
ynho,1
ahce,1
what,1593
whar,5
ahcr,2
etos,1
ahco,3
whee,39
wher,840
when,1438
etre,1
whel,5
whea,14
ahfr,3
ahem,3
ahel,3
aheg,2
ahei,3
aheb,2
veal,1
ahea,51
ahex,3
aher,3
ahen,2
ahho,5
ahhe,17
ahhh,1
ahha,2
keeh,1
ahia,6
kedo,1
veda,1
ahgo,1
whew,1
whet,137
whin,3
whim,9
whil,348
whit,169
whis,61
whir,19
whip,12
whif,2
whic,1388
vefa,1
ahin,3
ahik,2
ahim,4
ahil,5
ahig,8
ahif,1
veer,1
ahih,1
ahic,4
nnom,1
keen,10
keel,6
keep,170
ahiw,1
ahis,2
ahiu,2
ahit,5
ahlm,1
oque,2
ahlo,2
vehi,2
ahli,1
ahme,2
ahma,4
vehe,9
whiz,4
vega,1
ahno,2
ahni,2
ahoa,1
vein,1
ahmo,3
veil,16
etym,3
whla,1
ahmy,21
whou,8
whot,42
whos,315
whor,19
ahpr,3
whop,16
velo,2
whoo,10
whon,7
ahpo,2
ahpi,1
whow,187
velv,6
whov,1
whoe,24
whod,48
whoc,65
whob,48
kels,2
whoa,118
whom,229
vell,2
whol,200
whok,24
whoj,6
ubii,1
whoi,98
whoh,187
whog,22
whof,29
ahou,5
nnuh,1
ahot,4
ahop,1
ahos,2
ahor,10
kell,2
ahom,1
ahol,8
ahon,1
whna,1
ahoy,2
venu,3
vent,21
veno,1
ahsi,1
vene,17
ahsh,2
vend,1
ahse,6
ahsa,28
veni,4
veng,30
vemu,1
kenm,1
puaa,1
ahum,3
kept,67
ahsm,2
ahso,2
ahti,1
ahte,1
ahth,33
drab,1
very,361
veru,1
vert,2
vers,24
verj,2
veri,20
ahwo,1
drap,2
verg,3
dran,10
dram,4
ahwh,12
vere,5
verd,1
verc,10
ahwe,10
drai,6
puck,3
drag,53
vero,2
draf,4
verm,5
drac,2
pubs,2
verb,8
ahus,3
vera,12
ahur,3
ahun,18
kerc,1
euch,2
publ,39
ahve,2
ahva,1
orbo,2
puer,1
orbr,3
orby,4
ahyo,11
orbe,12
whwh,1
ahym,2
orba,2
vete,2
orbl,4
orbi,3
ahye,6
orar,9
oras,13
orat,14
oran,26
orap,2
vest,11
kett,2
draw,116
orav,1
drau,8
drat,3
orab,6
orac,6
pudd,3
orad,3
orae,1
vese,4
vess,46
oral,5
drbi,1
vesp,1
veso,1
oraf,2
orag,1
ordu,1
noas,1
noar,1
noap,2
drea,104
ordr,6
whyy,16
orea,3
coax,1
orde,219
whyo,11
noac,3
whyn,24
whym,3
whyl,7
dres,71
pugi,1
orda,10
whyj,1
noaf,1
whyi,29
whyh,39
whyw,30
dren,4
noai,2
ordo,9
whyu,1
whyt,44
noah,1
ordi,32
whys,50
noan,16
whyr,5
noal,4
coac,12
orct,1
orcu,3
euge,1
orcv,1
orcw,1
orcr,3
orcs,26
whyg,4
whyf,3
whyd,80
whyc,10
whyb,1
whya,42
coas,18
orcd,1
coat,27
puff,7
orcf,1
coar,6
orcg,1
orca,17
orcb,1
coan,2
orcl,1
coal,11
orcm,1
orco,14
orch,12
orci,3
nocu,1
noct,1
blac,106
nocs,4
keyo,1
blad,16
nocr,4
code,1
keys,6
keyt,1
orga,12
noda,1
noce,2
keya,2
blas,38
orfi,6
noci,1
noch,4
drgr,1
orfo,9
blam,20
blan,13
nocl,1
orfr,5
keyh,3
puis,1
codm,1
blai,2
nocq,4
orfl,2
noco,46
orev,9
nobr,6
orex,3
orer,3
puhs,1
ores,4
nobw,1
vewy,2
nobu,19
vexh,1
orfa,3
vexe,2
noby,2
noca,9
drew,36
vexa,7
oreg,3
orei,5
noba,3
nobe,9
oree,1
nobl,40
oren,5
cock,11
nobi,9
nobo,23
orel,11
orem,3
coch,1
noew,4
noev,3
coff,24
drif,9
drie,11
noey,3
noex,4
drib,1
oric,2
orie,6
nofa,4
oria,1
orhi,6
noef,2
noee,2
driv,66
orhe,7
dris,2
noeo,2
noen,4
noem,2
drip,7
drin,79
noes,3
orho,8
dril,6
nods,1
orgu,2
orha,11
noec,1
blaz,10
noea,4
orgi,5
node,4
nodd,11
keza,1
nodi,8
orge,1
nodh,1
orgr,6
orgl,1
nodr,3
coel,2
nodo,32
orgo,4
eunl,1
cohi,1
blee,6
blef,5
cohe,4
blea,7
noha,12
wiam,1
pung,1
libc,3
nohe,21
liba,18
punc,9
nogi,2
pumm,3
blew,14
blev,1
bles,217
eunu,2
nogo,15
blem,6
orjo,3
liar,8
pump,3
coho,20
blen,4
liap,2
nogr,8
nofu,7
oriw,1
eume,2
xlcn,1
noga,2
xlca,1
euma,14
liab,4
noge,3
orja,1
pumb,19
liaa,2
pull,25
oril,4
nofe,5
orim,3
orif,13
orig,25
orih,1
nofi,7
puls,6
orir,1
oris,5
nofo,3
orin,20
orio,3
pulp,3
aiai,1
aial,3
nofr,3
aidi,4
orma,10
aide,13
euph,8
aidf,1
aida,3
lida,1
pupi,3
ormi,7
aidb,1
wick,104
eupa,2
wici,1
orme,3
lidd,1
lich,1
noik,1
orlo,6
noih,10
orli,13
aidu,1
noio,1
noin,20
aidt,3
noim,9
aidw,3
lick,7
xlfa,1
noil,4
nois,50
orlu,1
noir,2
aidp,1
aids,1
noiw,7
noiv,3
aido,6
noit,29
coil,6
liby,2
coif,1
orle,10
noic,5
noib,2
lica,1
noia,10
orla,7
lice,22
noif,1
noid,14
nohi,2
libe,46
orkn,4
puni,68
orki,1
orku,1
noho,10
nohu,1
coin,8
libr,10
drop,56
blim,1
coln,3
colo,62
blin,55
droo,9
purc,14
coll,47
orob,2
euro,12
dron,21
oroc,1
drol,11
nola,4
blig,1
puri,17
yoke,8
nole,8
blif,1
drog,2
cold,80
nold,1
pure,18
orod,2
noli,10
life,201
purg,8
orof,13
wiel,7
orno,17
lieh,2
liei,2
lien,4
lieo,4
xlha,1
widt,2
nokn,7
eury,14
lies,31
drow,28
blis,8
drov,18
colt,2
drou,4
colu,19
blit,1
dros,2
liew,3
liet,5
lieu,106
orna,9
yojo,1
wide,45
coke,1
liec,1
wido,15
liea,7
lief,2
lieg,1
lied,12
liee,1
eura,5
ormo,11
pupp,4
nojo,6
orms,1
lids,2
ormu,1
conq,37
putd,5
conn,34
pute,3
putf,5
wigh,1
nond,3
nonc,3
puta,20
conj,15
nonb,1
putb,4
nona,3
xlju,1
conf,252
putm,7
none,87
cong,28
putn,1
cond,102
putg,1
puth,20
cone,1
puti,25
conc,266
noni,2
nomo,51
orpr,8
nomr,1
orpo,2
xliu,1
xliv,8
conv,224
nomu,1
xlix,6
cont,436
orpu,2
nomy,10
cons,516
orpa,2
comp,475
pusc,1
comm,578
liga,1
wife,70
comi,138
noma,52
xlit,2
come,619
nome,6
comf,73
ligh,210
xlii,17
orpe,4
push,25
nomi,6
coma,1
comb,22
orph,6
pusi,3
orop,2
cona,1
purs,58
xlia,2
orol,1
oron,8
xlic,2
purp,98
nolo,21
lift,72
orot,7
puru,1
purv,1
orou,1
comt,1
comr,37
orow,3
orse,3
nopa,6
cops,2
copp,2
nope,9
orsa,5
orsl,4
nopi,5
orsm,1
coph,8
copi,3
orso,15
orsh,13
orsi,8
nopl,5
cope,3
liin,4
liio,1
noop,1
orru,2
nooo,1
noon,82
orro,4
noot,12
xlle,1
noor,6
liiw,1
copy,7
copu,2
coor,1
orre,7
cooo,1
coop,4
liic,2
nood,1
aiii,1
orra,7
nooc,3
cook,23
liia,1
cool,12
noob,1
cooi,1
noof,2
nool,1
orrh,1
liih,1
nook,3
orri,2
liii,7
puts,4
putt,72
nono,65
putu,14
nonn,2
orqu,3
copa,2
nonm,1
puto,24
yond,12
nons,33
wigw,1
nonr,2
putq,1
putr,2
putw,2
aiir,1
puty,4
nord,31
blos,8
cort,2
lila,2
blot,8
norc,15
corr,84
norb,9
nora,28
cors,5
bloo,90
norh,11
corp,23
ailm,3
norg,3
corn,82
norf,12
nore,28
coro,1
blon,1
drun,25
lili,3
orun,5
norl,9
drum,23
corm,2
nork,1
norj,3
nori,40
cork,2
norp,5
noro,7
cori,31
drui,1
norn,4
corf,3
norm,16
drug,10
lill,4
ortu,1
aima,1
ortw,21
ortr,5
blow,51
orty,1
orth,65
orta,6
like,477
likh,1
liki,4
orto,16
orti,2
noqm,1
bloc,27
cord,27
nopr,11
orst,7
aila,1
core,7
orsu,2
corb,2
drud,1
nopo,6
corc,4
orsw,1
drub,9
orsp,2
nopu,1
cora,2
coqu,1
notf,74
orwh,30
note,99
orwi,12
lind,1
cotw,1
notd,56
cott,6
notc,57
aint,10
cotu,1
ling,4
notj,3
noti,132
orwe,4
noth,389
line,120
notg,47
notn,25
link,8
notm,59
notl,48
ainm,3
orwr,1
lini,1
notk,47
notr,70
notq,5
notp,42
noto,94
orwo,4
coti,2
coug,6
nosu,5
nost,20
limp,6
couc,8
nosy,1
nosw,2
orwa,3
notb,150
ainw,2
nota,198
nose,33
limb,11
aimr,1
aimt,1
coss,18
cost,23
lima,1
aims,1
nosi,17
will,787
aimm,2
nosh,11
orve,2
nosg,6
aimo,3
lime,1
cosm,2
nosm,2
aimi,4
aiml,1
limi,16
wilt,51
aime,3
noso,14
aimh,1
nort,118
nors,22
yore,1
norr,3
norw,37
norv,2
york,2
lily,3
orva,1
wilf,3
nory,6
nosa,77
wild,76
aimw,3
youw,220
youy,28
nove,19
dryu,2
dryt,2
novi,1
youo,40
youp,27
novo,3
youq,1
your,735
yous,299
dryn,2
yout,167
oryo,4
youu,14
dryl,4
lipo,1
youv,28
youg,27
youh,216
liou,1
youi,51
youj,3
cowh,2
youk,81
cowe,4
youl,72
youm,142
youn,190
cowa,15
wiol,1
youa,299
youb,45
youc,101
lipa,1
youd,90
youe,19
youf,52
wins,130
noug,4
cous,20
winn,7
cour,215
winl,1
noun,4
coup,20
winy,1
coun,487
nous,5
coul,544
nour,8
lion,32
wint,37
aioi,1
notv,20
winc,2
notu,24
lint,3
ucha,1
puzz,7
winb,1
dryi,1
nott,224
dryh,2
wina,1
nots,129
dryg,2
cove,176
noty,37
drye,1
dryd,1
notw,81
dryc,1
wink,2
drya,1
uchg,2
winh,1
wing,26
wine,58
wind,152
airw,8
noxi,1
airv,1
airy,5
airs,8
airr,1
blus,17
airu,1
airt,5
airo,10
blur,5
airn,3
blun,8
airm,1
nowy,16
xlth,1
noww,155
nowv,5
liqu,3
nowi,163
nowh,91
nowg,25
nowf,30
nowm,29
nowl,27
nowk,8
cows,6
nowj,26
nowq,2
nowp,16
nowo,32
nown,19
nowu,6
nowt,443
nows,73
nowr,18
wipe,5
airg,1
airf,3
lips,42
airi,2
lipt,1
blue,28
airc,4
airb,4
bluf,1
aire,2
lipw,1
aird,2
nowa,155
blub,5
aira,12
nowe,16
wipi,6
nowd,18
nowc,34
nowb,45
lith,4
wita,4
litr,3
evas,2
litu,1
lits,2
litt,291
evap,4
wish,109
wise,41
xlvm,1
wisd,81
wisc,1
wisp,4
lita,1
xlvc,1
lite,18
xlvi,20
vfor,1
noyo,19
aist,1
xlva,1
list,105
aisl,1
aisn,1
liss,1
evan,7
wire,11
coze,1
cozb,2
evad,6
lise,4
lisb,1
noye,1
lisc,1
livi,76
livo,1
livp,1
livt,1
livw,1
liva,1
livb,1
livh,1
live,135
witt,8
wits,5
with,2881
litw,1
witc,1
wito,2
witn,30
witl,2
xlwh,1
lixw,1
lixc,1
lixi,1
aiya,1
osam,1
ever,819
even,440
wive,23
osai,1
wiza,18
liza,2
oscu,1
osca,2
osci,1
evid,79
osee,19
osen,2
evin,3
oseo,1
evil,105
osid,2
oshe,3
osgi,2
ajad,1
osio,2
evol,1
evok,3
osle,1
dsos,1
ajea,2
ajew,3
ajes,2
ajer,1
ospr,3
ospi,1
ossa,1
mmma,1
ajig,1
tabl,92
tabe,56
iacc,4
tabo,2
iabo,1
ostr,6
taba,1
oste,6
osta,1
iabi,2
oswe,1
tadv,1
ajoc,1
ajob,2
iado,3
tadd,1
tack,6
taci,4
tact,3
iadj,5
ypre,7
iaco,1
iact,1
taca,1
iaga,2
wjoy,1
taff,5
tafa,1
ajou,1
iafa,1
ajok,1
ajoy,5
iain,2
tahb,1
tahi,3
taga,2
iagr,2
ajud,2
ajug,2
tain,1
tail,21
iamf,8
iame,4
iamh,9
iamg,41
iamj,2
iami,6
iaml,7
iamn,45
iamm,8
iamp,4
iamo,12
iamr,11
iamq,2
iamt,61
iams,51
tale,41
ialw,5
tala,1
talk,113
tall,26
iamb,20
iama,64
iamd,6
iamc,20
iall,3
ialo,5
ajus,7
ials,20
take,453
ajve,1
taki,84
kgre,1
tang,5
tank,3
otas,2
tamp,1
ians,8
iamv,21
ewer,1
iamu,4
iamw,15
otac,1
tame,4
tamb,1
iamy,1
tama,2
iand,8
ewhe,1
taph,3
tape,6
tapo,1
tapp,3
iapo,2
iapp,2
iask,11
taru,4
iass,6
iasu,1
tari,1
tarf,1
tart,4
tarr,8
tarp,2
tarn,1
iaro,2
iars,2
tarc,1
tard,1
iarr,2
tara,1
iart,2
taug,15
othi,1
othe,518
otho,10
tatt,13
iatm,2
dthe,1
tate,1
iatt,4
otha,8
task,12
tash,10
tast,17
iate,2
dthi,1
tawd,1
tave,2
taun,4
taur,4
otim,2
taxg,1
taxe,6
tawn,2
vhav,1
akeg,1
khaz,3
akee,1
aken,1
jeba,4
jeal,20
akhr,1
cqms,4
jedd,3
jede,2
jech,2
jecm,2
jecs,2
ject,4
otra,6
akin,21
vheh,1
akim,2
akid,3
otri,1
jebl,2
akit,4
jebs,2
jebu,7
jeff,2
jeer,1
jedi,2
iban,1
ibea,2
akno,2
akni,3
ibeg,22
jehi,4
ibeh,9
jega,2
ibel,20
ibeo,2
ibes,10
ibet,8
jehu,8
ibew,2
ibid,9
jell,1
exau,6
exas,11
jena,1
jeml,2
exam,58
exal,20
exag,5
exac,36
jeph,8
excu,24
jepr,1
exco,3
excl,32
exci,41
exch,5
exce,215
exca,2
duca,5
jeri,11
jerk,11
jerm,2
jero,15
jerr,2
jeru,142
exer,29
duck,10
duch,30
jera,2
duce,1
jere,72
exem,5
dubi,2
exec,35
dubb,2
duec,1
exha,15
craz,7
crav,1
jett,2
craw,23
jets,1
crat,2
jetu,2
dudt,1
cras,10
jetw,1
duer,1
dueo,1
exho,24
duen,16
duel,4
jetb,1
jeta,1
exhi,5
duef,1
jeth,5
jesi,3
jesu,159
jest,8
ibow,3
zubo,1
cran,2
cram,4
dudl,1
jesa,2
craf,17
jesb,4
crag,2
jese,2
crad,2
crac,17
jevo,1
yrch,2
boar,28
boas,14
dugt,1
boan,1
dugo,6
dugi,3
dugf,2
ibri,2
jeun,1
ibro,5
duet,9
exit,3
exis,36
exil,4
duff,1
bocc,3
mobw,1
ibur,1
ibut,2
moby,9
crev,1
crew,21
mobb,1
mobi,1
boch,3
ibui,1
mobo,1
cred,19
jewm,1
cree,14
creb,1
bobb,2
crea,87
jews,35
jeww,2
boat,65
moab,19
cret,3
bobt,1
ough,59
cres,5
bobr,1
crep,11
jewe,9
crem,1
moan,4
jewi,1
jezo,2
jezr,7
albe,4
duke,40
alba,4
body,78
alaw,3
alay,1
mode,45
jeza,3
albu,2
modi,6
albo,2
boes,2
albr,1
jeze,3
boen,2
boeo,1
albi,4
llan,1
alac,1
alab,5
alad,3
alas,43
bodu,1
alar,36
alau,2
alat,1
moch,2
alan,13
alak,1
mock,8
alam,7
bodi,26
alag,1
alai,1
ouim,1
expl,68
alde,6
expi,9
bogd,3
dumf,1
expe,201
dumb,4
duma,2
expa,9
aldr,1
bogu,10
expu,1
expr,125
dump,5
aldo,2
expo,22
dumn,2
duli,4
boff,1
alca,5
crie,76
exod,41
dulc,38
cric,5
oulc,1
ould,1
duly,1
bofu,2
crit,11
cris,7
crip,4
crin,2
alco,1
alcn,2
alci,17
crim,35
dull,18
duod,1
moid,1
viat,1
viar,1
boit,1
kibi,1
boir,1
alfo,2
bois,1
moho,2
alfr,1
boil,18
aleg,3
viae,1
dunl,1
viab,1
dunh,3
bohe,1
dung,12
aled,1
dund,1
moha,1
vial,1
dunc,1
alea,2
ounc,4
zumh,1
alew,1
alev,3
alex,56
duny,9
ales,2
aler,1
alet,7
exqu,4
alep,11
duno,1
exto,9
vide,1
exti,9
exte,43
mokh,1
exta,1
vict,79
kidn,2
extr,81
kids,1
vice,15
alge,1
vica,4
vico,3
vici,7
kick,13
algu,1
vibr,3
vibo,1
mois,6
dusk,10
mome,146
bomb,27
icae,1
ourp,27
moll,2
ourq,1
view,33
ourr,9
ours,80
ourl,24
vieu,1
ourm,33
ourn,10
molo,4
ouro,17
oury,4
molt,2
vifa,1
ourt,16
dusu,1
dust,11
ourv,5
ourw,10
alik,10
viei,1
croo,8
oura,21
duro,1
ourb,21
alim,4
bolk,32
crom,2
ourc,27
alil,1
alig,15
mola,2
alif,4
exul,3
vied,1
bolg,3
duri,93
croi,1
mole,5
ourh,22
alic,1
bole,1
ouri,9
mold,2
alie,11
molc,2
ourj,4
ourk,10
bold,27
dure,1
vien,6
alid,1
ourd,16
moli,3
croc,4
oure,10
ourf,45
alia,2
ourg,26
dura,6
croa,1
vidu,1
aliv,41
alis,3
crow,80
bols,1
crot,1
alit,80
duru,1
crou,9
bolt,5
alio,5
cros,86
durs,5
alin,5
kiev,2
crop,3
bolo,2
exur,2
alln,25
allm,56
allp,34
boon,1
allo,127
allj,4
mood,9
boom,9
alli,84
alll,20
book,186
allk,11
vihe,1
allf,45
alle,57
allh,84
allg,14
allb,32
alla,76
alld,19
boob,4
allc,24
mono,5
outr,15
outs,66
outt,74
alma,3
monm,1
outu,2
mons,39
outn,8
outo,291
ally,27
monr,1
booz,2
outp,8
allv,1
allu,25
monu,4
allw,65
mont,83
boot,21
allr,90
outw,37
allq,5
allt,747
boor,3
alls,57
outy,1
outb,20
outc,4
outd,4
vigi,4
oute,25
bonn,4
monc,6
mona,12
boni,1
outa,62
bonj,2
mong,2
outj,2
duti,13
bone,28
outl,20
mone,54
exwh,2
outm,11
mond,4
bonf,1
outf,44
vigo,14
monk,8
bond,19
outg,5
outh,25
bona,17
moni,1
outi,27
dutc,6
ical,13
ican,110
icam,14
duty,16
bonu,2
icar,3
bons,1
icas,3
icau,3
iceb,1
icea,3
icec,1
icef,1
icei,4
crud,1
crue,39
bord,27
mopp,1
aloc,1
cruc,9
viiw,2
almo,114
viil,1
viii,15
viih,2
viit,4
almi,10
moon,46
moot,2
moor,18
viib,1
alms,6
viia,2
alpr,1
bost,1
mosc,81
bosr,2
viln,5
alps,1
boss,4
vill,85
mose,98
boso,16
moso,8
alph,3
mors,3
morr,8
kilo,7
bota,2
mort,28
vile,7
morb,2
alos,4
mora,17
borr,7
crus,19
alor,2
morg,6
boro,57
more,619
aloo,9
crun,1
alon,210
born,42
mord,18
aloh,2
crum,11
kili,3
bori,59
mori,22
kill,118
aloe,2
moro,2
borg,2
morn,128
crui,7
bore,25
alog,1
alof,9
icel,2
alpa,28
bosc,1
icep,1
icer,2
icet,1
borz,7
alou,20
alow,8
alov,5
bout,1
bour,26
bouq,1
moun,241
boun,51
moul,4
boul,6
mour,33
vint,5
boui,1
icho,2
cryh,2
cryi,16
kins,12
mott,2
cryf,2
zuzi,2
kint,1
cryc,3
crya,7
vine,30
vind,3
vinc,1
mote,3
motd,4
icha,7
bott,50
moti,29
moth,110
king,522
kind,141
ichi,1
moto,1
both,172
most,171
boug,21
moss,2
alre,118
mosq,2
mowe,5
boww,4
bowt,4
bows,16
bown,1
mown,1
alto,32
bowo,2
bowl,11
alti,14
boxi,3
aluc,2
boxe,3
boxa,2
boxb,1
cryy,2
move,136
cryw,1
cryt,6
movi,34
cryr,1
viol,49
crys,6
kipl,3
also,202
cryo,6
bowh,1
alte,23
bowi,7
mout,109
alth,64
bowf,1
mous,3
bowd,5
bowe,25
alta,43
bowb,2
bowa,4
viof,1
virt,44
boyy,1
boyw,1
boyt,4
boyr,1
boys,16
kiss,35
boyo,4
boyl,1
boym,1
iclu,1
alwa,156
viri,2
moye,3
virg,13
boxw,5
alux,1
alus,1
kirk,1
boxs,2
boxt,2
kiri,1
alun,3
boxr,1
boxo,3
alum,2
alul,1
boyh,2
boyi,4
boyd,2
boyb,2
boyc,1
boya,6
alva,1
icon,23
eyew,7
icom,23
eyeu,1
eyet,7
icor,1
eyes,200
vith,5
vite,6
alyi,3
vita,10
viti,2
visu,2
vist,2
mozh,2
oval,2
eyep,2
eyeo,9
eyel,5
visc,2
eyei,6
eyeh,5
eyeg,1
eyef,4
eyed,2
visi,104
eyeb,14
kitc,16
eyea,9
vish,1
csar,2
vivi,10
vive,2
pygm,2
viva,6
icou,51
icry,3
vixe,1
over,548
icri,7
oven,2
icro,1
icru,1
viwh,3
icre,3
icut,1
vizn,2
vizi,4
vizo,2
vizb,2
pyja,1
eykh,1
ambe,5
amba,30
amaz,41
ambr,4
ambu,14
ambo,1
ambi,15
amab,1
amaa,1
amad,13
amac,2
amar,10
amat,8
amas,17
aman,105
amam,3
ovin,2
pylo,2
amai,1
amal,9
amaf,2
amag,3
amde,4
icys,1
icyc,2
amdr,1
amdo,3
amco,3
eyou,2
eyot,1
amch,1
amfi,2
pyre,4
amfa,1
pyra,4
amfo,2
amee,1
amea,6
amed,4
amex,1
amer,20
amet,4
ames,1
amen,44
amem,6
amei,2
amhi,1
pyth,5
amho,2
jgar,1
amgi,2
csmh,1
csmf,1
csmd,1
pyro,3
amgo,6
amgl,3
csmp,1
csmm,1
amii,1
amil,15
amik,2
amie,3
amig,5
amia,8
amid,19
amic,1
amiv,1
amix,2
amir,3
amit,14
amis,16
amin,16
amim,1
amip,1
amio,1
jger,1
idbe,3
idai,3
idar,18
amno,13
idea,31
idec,7
haba,6
saar,2
idee,2
amni,1
ammo,15
ammi,3
amma,4
idcl,1
ammu,4
ammr,1
sack,13
ampl,14
hada,123
ampo,1
hadb,219
hadc,77
sacr,144
hadd,55
amph,3
hade,38
hadf,38
hadg,45
hadh,60
hadi,33
hadj,9
hack,14
sacc,2
ampu,4
sabi,3
haby,1
amop,1
amoo,2
amor,19
sabe,8
ughh,2
bpro,1
ughi,1
amon,224
amom,20
ught,2
amod,4
sabl,1
sabo,3
hach,2
amof,1
habi,44
lmno,1
idel,1
ideo,5
iden,11
saav,2
saba,9
ides,13
ider,2
sabb,15
amot,4
amos,34
idev,1
amov,2
amou,11
amro,4
idie,2
idid,48
saep,2
amri,1
sadw,1
sadv,1
amsa,1
sadl,5
sadf,1
idha,1
sads,1
sadr,1
sadt,2
sado,8
sadn,3
hadk,9
hadl,47
hadm,43
amre,1
hadn,124
hado,26
hadp,54
amra,3
hadq,3
hadr,50
hads,120
sadc,1
hadt,108
hadu,10
sade,9
sadd,22
hadv,7
hadw,19
hady,7
sada,3
haha,13
sago,1
sagi,1
hahe,1
amtr,2
hahh,2
amth,16
hahm,1
amuf,1
hago,1
amuc,3
sagg,3
saga,3
amst,1
amsu,2
amso,5
amsq,1
uglk,5
ugly,4
hagg,1
amsh,1
amsi,2
idio,2
idin,1
idis,2
amta,1
idir,2
idit,4
safe,57
idiv,2
ugli,4
saff,1
sail,71
sain,21
sait,64
amwh,1
dwal,2
hair,53
amwi,3
amwe,2
said,596
amur,2
idle,8
amus,19
lmun,1
haih,2
haii,2
idli,5
amum,1
amup,2
hail,26
amul,2
hahs,2
amve,1
idod,2
hald,7
hale,1
half,126
idof,2
idoi,5
halh,2
idoh,1
hali,2
idom,2
hall,63
idol,44
idon,288
ezer,2
idos,12
idor,2
idoa,3
sake,41
idoc,1
idob,3
halb,7
owan,2
amwo,1
dwar,58
owat,3
ezec,70
hane,2
samt,11
sams,50
hang,42
samu,18
samp,8
samo,4
hank,1
samr,3
samw,17
hans,6
samy,2
samd,6
samc,13
samf,5
same,205
dwel,97
samb,8
sama,31
saml,12
samk,4
samn,3
samm,6
hana,6
samh,18
samg,7
samj,2
hand,523
sami,1
hame,5
salu,38
hamf,1
salt,16
salo,3
haml,2
hamm,22
amys,2
hamp,2
salv,31
hams,3
amyo,1
idou,9
idot,4
halt,30
sale,3
idow,1
halv,3
sala,10
haly,1
salm,6
sall,9
hama,1
hamb,1
sali,4
haph,4
idsh,1
hapl,1
idsl,1
idso,1
happ,233
sapa,1
uguc,7
saon,1
sant,4
idri,2
owet,1
owen,3
sans,2
idro,2
sand,17
sang,6
owed,2
sana,3
sanc,339
idra,3
owel,1
sani,1
sank,12
idre,8
oweh,1
idum,3
hark,6
harl,10
harm,29
harn,12
idun,1
haro,2
harp,41
sara,19
harq,1
harr,31
idur,1
hars,10
sarc,3
hart,7
haru,1
harv,11
owhy,1
owhe,2
owha,3
dwin,10
hara,14
dwim,1
harb,21
hard,132
hare,7
owhi,1
harg,3
harh,3
ctes,1
saph,5
idta,1
sapp,4
sapl,1
cthe,1
hatn,1
hatr,20
hats,3
satc,1
hatt,2
satb,2
sate,2
satd,12
hatw,2
anau,5
anat,65
sata,17
anaw,2
anbr,1
sash,3
hata,3
hatb,1
anbo,3
idwe,2
hatc,7
hate,38
hath,196
hati,5
anaa,2
hasj,2
hask,2
anac,14
hasl,6
anab,6
hasm,8
saru,44
hasn,21
sart,2
haso,2
owis,3
hasp,6
sarv,2
hasr,6
hass,15
hast,189
hasu,2
hasv,1
hasw,3
hasy,1
sari,3
anap,4
anas,7
anar,26
sare,2
anam,7
anal,11
sard,2
owic,2
anan,15
hasa,25
hasb,52
anai,4
owin,19
hasc,8
hasd,5
hase,2
hasf,6
sarm,1
anad,15
hasg,12
hash,16
saro,2
anag,5
hasi,8
sarn,2
owil,1
andd,582
andc,448
havn,1
andf,477
havo,3
ande,354
havr,2
andb,656
anda,1698
save,85
sava,8
andt,6080
saul,31
ands,1590
andv,50
saun,1
andu,127
andp,411
ando,541
andr,435
andq,19
have,1092
andl,384
andk,125
saus,2
andn,411
andm,641
owls,2
havh,1
andh,2576
havi,360
andg,385
andj,566
owln,1
saur,14
andi,2092
haul,8
ance,6
haun,5
satw,6
saty,1
sauc,2
saue,1
satl,4
anco,1
satf,2
sati,68
haub,2
sats,2
satu,12
haug,8
sato,4
anci,59
satq,1
anch,12
ownv,2
ownw,8
sawy,2
ezre,2
aney,4
anex,39
sawn,6
ownj,1
sawm,7
ownk,2
ownl,17
ownm,11
sawo,1
ownf,18
sawj,1
owng,4
sawi,14
ownh,16
sawl,2
owni,17
ownr,1
owns,15
sawu,1
ownt,12
saww,4
ownn,1
owno,1
sawt,38
ownp,19
saws,4
dwol,1
anee,6
aneg,3
anea,10
haws,3
anec,3
hawt,2
ownb,13
sawf,3
ownc,24
sawe,3
ownd,16
sawh,20
owne,16
sawg,1
sawb,2
andw,1946
sawa,19
andz,25
sawd,2
andy,309
sawc,7
owna,29
aneu,3
anet,3
lnde,1
anew,33
savo,4
anev,17
savi,20
aneq,1
anep,5
anes,3
aner,5
anem,4
anel,4
aneo,2
hawh,1
anen,26
hawk,3
anhi,1
anhe,3
haza,7
sayp,2
sayo,8
sayr,6
sayl,5
haze,7
sayn,29
saym,6
sayw,22
anho,20
sayy,12
sayt,79
says,57
sayv,2
sayu,3
sayb,10
angi,1
saya,16
hays,2
ange,71
hayw,1
sayh,6
sayg,2
sayj,1
sayi,310
sayd,2
sayc,2
sayf,5
saye,11
haya,2
angr,41
angu,7
hayi,2
haym,2
angm,1
angl,14
hayo,3
anju,2
anid,2
anig,1
anic,6
aniv,1
anis,8
anim,48
anil,3
anin,46
dwul,1
tebb,2
uhec,1
iecc,2
teat,5
tear,47
teas,1
teap,1
ankl,2
teac,46
teaa,2
tean,1
team,2
iear,2
tedi,8
tedg,1
anno,29
tede,2
anni,6
anne,4
anna,50
anoa,6
anny,3
tech,6
anmo,1
anme,1
teet,36
anon,3
anop,9
anol,15
anof,10
anoi,26
anoc,2
teen,1
anob,9
anod,2
teds,1
anov,2
anox,15
anos,1
anor,13
anou,3
anot,320
anse,19
hber,1
antu,1
anto,19
antr,2
antl,2
anth,1
anti,70
anug,1
antw,2
ansn,1
teir,2
ante,14
anta,4
answ,202
uhla,3
tell,217
tely,2
anvi,5
anwi,1
tele,82
anut,2
anup,1
anur,1
anum,3
anun,23
anuk,1
teke,1
tens,10
tent,40
teno,3
tenp,3
tenm,10
oxbl,1
tenn,1
teny,7
anyi,8
tenc,2
tend,39
anyh,19
anyk,5
tena,3
ient,7
anyj,2
anye,5
anyd,11
ienv,1
anyg,6
anyf,14
anya,10
tenk,2
anyc,15
teni,2
anyb,27
teng,1
tenh,4
tene,1
tenf,4
temp,131
iend,1
ienl,1
temb,1
anxi,31
cubi,34
anyu,5
anyt,156
anyw,39
anyv,1
anyq,5
anyp,14
anys,18
anyr,23
anym,30
anyl,9
anyo,81
anyn,3
oxca,3
hbma,1
oxfo,5
terr,139
oxfa,2
tere,9
bram,3
bran,70
brak,3
brai,28
brag,2
term,23
cudg,2
tern,1
brac,15
brad,1
brab,1
oxen,15
mrbr,1
mrbu,9
teth,8
mrba,4
tetr,3
cuff,1
oxhi,1
mrbi,2
mran,3
test,66
bray,10
braz,6
braw,5
cudy,2
brau,1
brav,22
bras,24
cuds,2
mrai,2
mrdr,4
bred,1
brea,237
loan,2
mrdo,5
loat,8
loav,5
bres,1
bret,64
load,14
nuge,2
mrdi,1
loaf,2
loag,1
breg,5
bree,27
teut,1
mrca,2
mrch,5
ieve,5
ievi,1
mrfr,6
nuis,3
locu,5
mrga,1
loca,8
mrfl,2
lock,21
text,5
sbut,1
loco,1
mrer,1
iexp,17
lobs,2
brew,8
brev,2
wobb,2
lobe,2
iexc,1
cuio,1
cuin,2
lobn,1
brig,135
mrhu,1
brie,10
woeb,3
bric,13
culd,1
brid,67
bria,2
brib,4
woei,7
mrhe,1
cult,9
bris,8
brit,19
vlam,1
brim,9
brin,177
cull,1
bril,10
aodw,2
mrha,1
vlad,4
loda,2
lodg,25
logw,2
jibb,1
nunc,1
numi,3
logi,4
cunn,18
logs,2
nums,1
cumi,2
loft,8
nulu,1
numa,1
nume,11
numc,2
numb,138
mrja,21
loga,1
woet,63
woes,1
oxor,1
mris,1
woew,2
woeu,2
cupl,1
cupi,4
cupb,5
cupa,3
ifac,3
mrme,2
ifab,1
loih,4
cupt,1
loin,6
cups,4
lois,2
cupo,6
nunw,2
lohe,1
nunl,3
nunt,4
nuns,1
ifbu,2
bron,4
brok,77
curl,9
broi,1
ifby,9
woke,2
curi,53
broe,1
ifca,1
curd,1
broc,1
aold,2
cure,17
broa,43
cura,24
ifbe,1
brow,21
brou,256
curv,3
curt,22
brot,138
ifbo,3
curu,1
curr,13
curs,63
broo,12
ifau,1
ifat,12
ifaw,5
ifba,3
ifad,1
ifag,1
ifaf,8
ifam,27
ifal,13
ifan,70
ifap,3
ifas,8
ifar,2
cutn,1
cuto,15
scab,4
cutl,3
wome,66
scan,22
ifea,14
cuth,5
aone,1
lone,8
nuth,1
cuti,3
cutf,1
scap,1
lond,13
cutd,7
ifee,16
long,355
scal,13
cutb,1
cutc,2
oxwi,1
wolz,6
wolv,10
mrpo,9
cuty,2
ifdo,2
mrpu,12
womb,5
woma,89
cutt,20
cutu,2
cuts,6
ifdu,1
wolf,9
xros,1
cush,4
mrpe,1
lomb,1
ifda,2
mrpi,9
ifde,2
cuta,2
ifch,1
lolo,1
ifco,2
nurt,1
nurs,22
cuss,1
cust,33
wool,10
wooi,2
ifga,5
mrsc,1
wooh,1
mrsh,4
lope,5
aopi,1
cuvi,2
mrsm,1
mrsj,11
iffi,1
loom,6
loos,36
loop,6
wonw,1
iffo,3
iffr,1
woof,2
wood,111
loot,4
woni,1
wonh,2
mrra,1
wont,38
iffa,1
look,552
iffe,2
wono,2
scar,56
ifel,19
nuts,1
scat,28
ifen,1
wond,151
wona,1
ifev,7
brus,12
brut,8
lorb,2
ifia,5
lore,8
ific,9
lord,568
ifib,5
brun,4
ifie,3
nuxl,3
ifid,8
brui,10
ifig,4
ifif,3
scen,23
ifih,35
scep,14
ifik,1
mrtr,5
mrto,1
loqu,1
ifho,1
ifha,1
ifhe,112
wops,10
ifhi,15
bruc,4
mrsp,11
ifgo,8
mrst,4
ifgr,2
mrsw,2
ifgu,1
lopu,1
mrsv,2
mrwe,4
hcha,5
loth,40
lote,2
lotf,2
jing,2
loti,3
loto,6
mrwo,15
lotm,1
wost,5
loss,26
ifjo,2
lost,53
mrwa,3
worn,11
worm,30
worl,166
work,246
lose,23
jimf,1
jimi,1
losi,12
wort,64
wors,142
worr,12
ifim,6
ifil,3
lorr,4
ifio,1
ifin,22
ifip,4
ifis,25
ifir,3
ifit,63
ifiw,20
ifiv,1
wore,14
word,251
ifix,1
love,197
scin,5
ifma,7
scim,2
scip,4
scio,1
lovi,13
ifme,5
woun,112
ifmi,1
ifmo,3
iflo,3
lous,1
iflu,1
woul,691
scie,21
loud,41
scho,28
ifla,1
schi,2
loui,8
ifle,1
schu,1
ifli,1
loun,1
wott,2
lots,12
lott,1
lotw,4
lotu,3
ifku,1
sche,10
woti,1
ifoc,1
ifob,1
ifol,7
ifon,21
ifop,1
lowv,4
loww,4
lowt,2
lowf,1
lowg,1
lowd,2
lowe,40
ifne,1
lowh,1
lowo,1
lowl,4
lowr,1
lows,3
ifno,12
wove,7
ifmr,1
ifmy,12
lowb,2
lowc,4
lowa,3
dyem,1
ifpu,1
dyeh,1
dyed,5
dyea,1
ifpe,8
loyo,1
ifpo,4
ifpr,1
cval,1
ifos,1
scla,1
ifor,13
ifou,19
ifot,2
loya,7
ifpa,3
scot,5
scou,40
ifsh,16
scoo,1
scor,28
ifso,14
ifsp,1
scow,3
ifsu,3
ifst,4
scof,4
scol,5
ifsa,2
oyep,2
ifre,4
oyel,3
oyem,3
oyen,2
oyew,3
ifro,2
dyet,1
oyes,24
dyes,3
oyet,1
oyea,2
oyeh,3
oyei,2
oyec,2
oyed,2
ifra,2
oyef,4
iful,3
scra,31
ifur,1
iftw,3
dyin,22
ifth,345
ifto,10
ifte,1
apas,3
apar,40
apau,2
apat,5
ifwe,48
ifwi,2
ifwh,5
ifvi,1
scru,12
apan,2
scri,37
apap,4
scre,33
apal,9
apag,2
scro,1
apai,5
apac,6
apad,2
ifyo,147
scul,6
ifye,4
scut,7
cvia,1
cvil,1
cvii,1
dyou,2
apec,3
aped,1
apea,7
dyna,1
vmad,1
aper,24
apet,2
apeo,9
apen,2
apel,2
apef,2
apeh,2
aphe,5
apha,4
aphr,1
scyl,1
apho,3
aphi,1
scyt,7
oyou,2
igaa,2
dysp,2
apic,2
apie,9
aphy,1
apis,1
apit,3
apin,5
dyrr,4
apil,7
aple,4
apla,17
aplo,1
igav,6
igau,2
tgal,2
igal,1
oyst,3
appo,66
appl,37
sdce,2
appe,195
appa,43
appu,2
sdca,1
appr,148
apol,23
apoo,6
apoe,1
apoc,29
apot,4
apow,3
iget,1
apop,1
apos,27
apor,4
apro,35
rabe,1
apri,30
apre,16
apsa,30
gabi,2
rabb,20
gabr,7
raba,1
apru,1
sddh,1
raai,2
sdde,1
gaba,22
cvwh,1
gabe,2
apra,39
radi,7
aptt,3
radl,1
apto,2
apti,1
gado,2
gads,1
rada,1
gadt,2
raci,1
rach,4
rack,11
race,24
gada,5
gadb,3
gadi,2
rabs,4
igir,2
raca,3
igiv,20
raft,2
sdir,1
ujoa,1
raev,4
apur,2
apun,1
gaff,6
sdhp,1
igob,1
gaia,1
gaie,3
igoi,3
gail,4
igom,1
gain,34
raha,2
igna,1
rago,2
ragi,4
gahe,2
ragu,3
ragt,1
sdjw,1
igno,51
rags,6
rage,18
ragg,1
raga,1
nwar,1
sdmb,1
rain,33
raim,11
apyt,3
rail,17
rais,81
igot,13
gait,3
gaiu,2
igow,1
raid,5
jjvf,1
game,17
gamg,4
gami,1
gaml,3
gamn,1
igru,1
rall,1
gama,2
gamb,1
igre,1
gald,1
gale,9
igri,2
galg,7
gali,14
gall,65
rake,4
igra,2
gala,51
rant,5
rans,9
rano,3
ranr,1
gaol,1
ranw,1
rand,4
ranc,4
ranf,3
ranb,2
rana,11
rank,35
rann,1
ranh,2
ozhe,1
rang,16
rani,2
igue,3
rams,9
gand,189
gane,1
ramt,3
gang,2
ramo,10
ramp,16
cweo,2
ramc,1
ramb,1
ramd,1
rama,8
ramm,2
rami,2
ramh,2
cwha,1
rapt,3
raph,4
rapg,1
rapa,2
rapp,2
rapi,27
gapi,4
gapl,1
gapo,1
gaps,2
ozib,2
ozia,6
gape,1
gasl,2
gasm,2
gasp,5
rasc,3
gass,2
rare,13
gasa,1
gasc,1
gase,2
gash,2
gari,3
garl,7
garm,34
garn,6
hdur,1
garr,10
gart,3
garu,1
garc,2
gard,41
garg,2
gaul,29
xthe,3
gaun,3
xthi,1
rati,13
ozni,2
rate,15
rath,85
mthe,1
gauc,1
ratt,5
rats,5
knap,5
knav,2
rasi,2
rash,8
bthu,2
gate,92
gath,104
knea,1
ravi,13
gavr,1
rave,10
rava,5
gave,137
raur,3
ozor,2
raye,1
gayb,1
gayc,1
gayd,1
gaye,2
gayh,3
gayn,1
knew,97
knee,31
rawl,1
rawi,1
knel,3
btob,1
thas,2
razo,3
that,4341
thar,6
thap,2
tham,10
than,452
thaw,1
thau,9
thav,1
thad,2
thaa,2
ihat,10
thab,2
ihav,408
thah,2
raze,1
gaza,3
ihad,124
gaze,27
raym,1
rayl,1
gazi,21
rays,5
ihan,2
ihap,1
rayt,1
heat,43
seac,10
heav,244
seaf,2
seae,1
thde,4
seab,13
seaa,15
seal,13
seak,1
ihea,27
seam,9
heba,4
seah,3
seag,3
ihee,1
seai,1
head,275
heaf,3
heag,5
heai,2
heal,90
heam,3
hean,47
heap,23
jkgr,1
hear,678
heas,21
kniv,2
mtpa,2
heab,4
heac,8
knif,14
thbr,5
knig,156
knit,4
thfi,1
sech,1
thfe,2
heda,2
seco,98
hede,26
secl,9
hedf,1
thew,1130
cwwb,1
theu,95
hech,14
thev,272
thes,2670
thet,879
theq,59
hecl,12
ther,3167
heco,125
hecr,17
they,2788
thez,5
hecu,1
theg,696
sebe,4
hebu,12
theh,873
thee,1085
thef,1082
thec,1462
seba,5
thed,870
thea,626
theb,853
theo,599
thep,1206
mtre,1
them,2472
sebo,1
then,2093
heca,98
thek,308
thel,1328
thei,1557
hece,5
thej,175
hebe,42
seat,55
seas,38
seau,2
hebi,4
seap,6
seao,8
sear,54
ihel,5
hebl,6
hebo,11
ihes,1
hebr,68
seaw,6
seeh,37
heex,27
seeg,3
seej,3
seei,126
seed,36
seec,4
knoc,19
seef,1
seee,2
thhe,1
hefa,3
seep,1
seeo,7
seer,4
hefe,40
seel,2
ihig,1
seek,70
seen,145
seem,344
heei,1
heel,8
heem,8
heen,12
sedu,12
seeb,1
seea,21
hees,2
heeu,1
heev,5
hedw,4
sedi,5
sede,11
heea,1
thgr,2
heed,21
hedg,17
secu,41
hedh,2
hedi,93
secr,66
hedl,1
sect,15
hedo,20
seda,4
hedr,36
heds,1
heha,447
thju,5
hehe,41
hehi,12
sego,3
thjo,28
aqua,8
hegl,13
hego,27
hegr,6
hegu,3
thja,2
thil,2
thig,8
thie,21
hega,36
this,1394
thit,20
thir,143
hege,2
thin,750
hegi,9
hefi,10
seew,24
knol,3
seey,16
hefl,7
seet,82
sees,16
hefo,35
seev,3
seeu,3
thic,43
know,522
thid,1
ihir,1
hefr,2
knot,6
hefu,1
thli,1
seir,3
heim,11
hein,13
heir,16
heis,156
heit,2
thla,1
heia,2
heic,1
heid,2
aqui,10
heif,5
heig,33
seho,7
aque,9
heho,6
hehu,6
aquu,1
hela,27
ihob,1
thno,4
knuc,2
helc,8
held,53
hele,72
heli,37
hell,43
ihol,2
helm,35
hekn,43
thna,2
heke,5
heki,4
seiz,40
heju,7
thma,1
hena,5
semp,1
henb,1
henc,21
hend,7
hene,17
seml,2
semm,4
henn,1
heno,28
hemp,2
semb,2
sema,2
hemt,2
hemu,27
semi,8
semc,2
seme,12
selo,2
thor,61
hema,84
thom,6
heme,9
thon,2
selm,3
sell,21
thol,2
hemi,19
thou,1803
hemm,2
thos,296
hemo,8
helo,65
help,117
thob,2
ihop,37
ukra,1
helt,1
ihow,1
helu,1
helv,10
self,62
thof,2
selb,2
sele,25
thoc,1
seld,21
seor,64
thru,27
hepe,8
heph,2
hepi,6
thro,477
hepl,10
hepo,14
hepr,29
heor,9
thre,313
thrb,2
heou,6
heov,4
thra,7
knya,1
thri,14
hepa,41
heob,6
sens,66
heof,17
seno,1
senn,7
heon,1
sent,159
heop,13
sena,13
henr,15
hens,1
seni,2
send,89
senf,1
here,520
herf,68
herg,18
herh,91
sequ,5
heri,29
herj,3
herk,4
herl,37
herm,39
hern,18
ihun,1
hero,66
herp,31
herq,1
herr,17
ihur,1
hers,154
hert,69
hequ,4
buck,31
buch,1
buce,1
hera,102
herb,113
bucc,1
herc,36
thth,4
herd,39
sepu,11
gbne,1
sept,16
thse,1
hepu,27
sepa,51
bubb,5
seph,5
heth,339
mudm,1
muds,1
aray,1
mudr,1
sest,2
sess,3
mudp,1
heto,73
arau,1
thwa,2
mudw,2
arat,7
seta,16
hetr,13
mudt,1
buds,2
hett,2
hetu,37
aras,1
arar,2
hesv,1
hesw,9
sesa,2
mudb,2
arbi,2
muda,1
mudf,1
heta,6
mudd,7
arba,1
hete,5
sesl,1
mudh,2
seru,3
hesf,1
hesg,6
hesh,209
serv,336
hesi,26
muck,1
thus,373
serp,10
hesl,19
hesm,10
thur,2
serr,1
hesn,4
heso,11
hesp,38
hesq,3
hesr,5
hess,4
hest,70
hesu,14
heru,11
aram,3
sere,4
herv,13
herw,37
serg,19
thue,2
aran,4
serf,6
hery,3
thud,3
arak,8
thub,3
budg,1
serm,1
thum,12
sero,2
arag,90
hesa,229
thun,19
seri,28
hesb,2
hesc,15
budd,3
much,241
arac,2
hesd,4
hese,89
arab,10
hevi,8
hevo,1
thyc,24
thyd,13
thya,14
thyb,18
arct,4
ardo,1
bugl,1
muff,3
heve,2
arde,1
setw,2
sety,8
arca,1
sets,7
heun,14
setu,16
sett,74
heus,2
heut,3
muez,1
hetw,1
setf,16
seti,10
seth,16
thwh,1
wrai,1
setc,2
thwe,1
setb,5
cxil,1
setd,9
seto,18
wrat,35
setn,3
setp,2
arch,46
setk,2
cxif,1
wrap,26
buff,6
setm,7
wrea,1
arey,60
sexc,2
sexb,1
areu,14
aret,100
arew,30
wrec,9
arev,15
sewi,3
buil,90
sewn,1
area,71
arec,31
mugo,2
areb,20
thyw,45
hewn,4
hewo,95
thyu,2
thyv,7
hewr,10
sewc,2
ardu,1
thyk,9
sevi,3
areq,2
arep,26
thyl,23
ares,49
thyi,5
arer,11
thyj,15
arem,37
seve,227
thyg,22
thyh,54
arel,18
areo,25
thye,22
hewa,347
aren,62
thyf,32
arei,37
thys,103
areh,19
thyt,23
arek,10
hewe,70
thyr,19
arej,4
thyo,11
aree,17
ared,30
thyp,32
hewh,22
areg,32
thym,21
aref,29
hewi,77
thyn,17
seze,1
ulai,2
arhi,1
voca,5
heyl,1
heyn,2
heyt,1
voce,3
heyy,1
argu,22
wren,7
argo,4
sexf,2
sexi,2
heyc,5
heyd,3
muil,6
heye,1
sext,1
koch,4
heyi,2
wret,28
wres,6
heyj,1
argi,3
mult,101
bumb,1
vofh,1
wrig,3
mumb,2
ulce,1
mule,12
bums,2
bump,2
arie,2
bulg,2
arid,5
arig,5
arib,1
mulb,1
ariu,3
bulw,8
arit,3
ariv,4
aris,70
bulr,2
vodk,2
arim,4
aril,1
ario,11
arin,4
bulk,12
bull,23
iibu,1
tibe,3
vogu,2
muni,3
buoy,3
buon,10
muns,2
arkf,2
bung,3
bunc,4
arke,1
bund,8
arka,5
tiaf,1
mund,2
munc,4
buny,1
writ,130
wris,5
wrin,13
mumi,1
bunt,1
arko,4
iial,2
mumm,5
iiam,2
tide,11
arne,1
cxth,1
tidi,23
koke,1
iidi,1
arno,1
armi,30
armh,5
void,9
voic,186
arme,14
armf,5
arma,13
armc,10
tick,9
armb,3
voil,2
army,118
armt,4
armw,1
armp,2
arms,66
armr,3
armm,1
arml,1
armo,30
tibu,1
armn,2
arph,3
musa,2
bush,15
busi,65
volc,1
muse,5
musc,4
musi,29
wron,40
mush,2
volk,2
murm,18
tier,2
kolo,3
busy,15
bust,3
murr,2
burn,98
arom,6
tied,6
burk,2
burl,1
buri,30
mura,9
burg,4
aroc,5
tien,1
murd,43
aroe,2
burd,26
arod,3
tiem,1
iifb,2
burb,1
aroa,1
bury,11
burz,1
aroy,1
aros,19
aror,2
burs,20
arou,32
burt,3
aroo,8
burr,3
arop,1
arro,31
arri,82
iiib,1
arre,6
iiia,2
arra,54
iiih,1
arsa,2
kono,6
arru,1
mutu,3
mutt,30
hfer,1
buto,125
tigh,9
butp,67
butm,102
vomi,3
butn,164
butk,13
tige,8
butl,65
buti,671
muta,2
vome,2
butj,92
butg,63
rcam,1
buth,408
bute,64
mute,2
butf,81
butc,52
iihe,1
butd,69
buta,349
muti,2
butb,103
musk,16
komo,1
volu,25
buty,124
wrou,25
volt,1
wrot,26
butz,6
butw,402
must,219
butu,23
butv,7
buts,198
butt,1165
butq,2
butr,28
artp,3
arto,5
artl,1
artn,5
artm,3
arth,2
artg,2
arti,57
artd,3
artc,2
artf,3
arte,9
muvr,1
artw,1
arty,1
artt,14
arts,9
artu,2
arso,1
arsi,1
ullo,1
iiii,2
artb,4
iiil,1
arta,10
iiin,2
iiip,1
iiit,5
arst,2
iiiw,1
buyt,3
voro,3
till,120
buys,1
buyp,1
iima,2
iime,1
tils,3
tilt,4
iimg,1
buyi,3
arve,4
buyf,2
arwe,1
kort,1
tile,1
tilb,1
vora,1
arup,1
arus,5
buxo,1
arum,3
tikh,16
arul,2
jlof,1
arui,1
buxh,1
arva,1
buyb,2
tino,2
tinn,3
tink,2
tinv,3
tins,2
votu,1
iinq,1
iint,4
ting,2
iinv,1
tine,2
muzz,1
tinc,2
vote,1
tinb,2
timo,22
iina,1
iind,4
timi,8
arwh,1
iimm,1
iimp,1
time,440
timb,11
muza,1
buzz,2
tipo,4
tips,1
tipt,4
tipa,1
wryf,1
vous,2
vouc,6
tiny,4
sfor,4
iish,2
sfoc,1
tiri,14
tire,19
iisa,2
vowt,2
vows,5
vowy,2
voww,2
tiqu,1
vowe,6
cycl,4
vowa,2
ulti,6
titu,10
iitw,2
tita,1
vozd,1
titb,1
titl,23
titi,2
tith,10
tiss,2
kozl,3
iith,4
tisn,2
iito,1
tisy,1
tisw,3
tise,1
tisb,2
voya,23
tisl,1
voyo,1
tism,2
voyl,1
tish,1
iiwh,5
asaw,7
ulyu,4
asay,3
ulys,96
asat,15
asas,20
asav,5
asau,2
asap,19
asar,18
asaq,1
asbl,1
asbo,4
asbi,5
asbe,21
asba,2
xvca,2
asal,31
asak,3
asan,29
asam,15
sfre,1
asah,6
asag,5
asai,7
asad,11
asac,15
asaf,17
asae,3
xvbi,1
asab,10
lsco,1
asda,4
ascu,1
ascr,4
asdo,3
asdi,1
asde,6
asby,6
asbu,1
asbr,4
asco,17
asci,2
ascl,6
asce,41
asch,5
asca,15
asfa,22
asex,3
ases,1
asev,18
asfr,12
asfo,52
asfi,2
asfe,3
cyli,2
mvgo,2
asea,7
asdy,2
asdr,1
asdu,2
asep,3
aser,16
asel,1
asen,7
aseg,2
asec,12
asee,1
ashc,2
ashe,215
asha,44
ashr,5
xvit,3
ashu,1
xviv,1
asht,1
asho,23
ashn,1
xvim,1
xvio,1
nymp,2
ashi,19
cyni,1
ashh,1
xvic,2
cymb,5
xvii,25
asfu,3
xvia,1
xvib,2
asgr,1
asgo,13
asgi,1
asgl,3
asge,2
asiw,18
cypr,5
asjo,1
umbr,2
asid,52
asic,10
asif,84
asib,3
asia,10
asit,64
asis,21
asiu,1
asip,4
asio,2
asir,3
asil,13
asik,3
asin,56
asim,5
asih,13
asig,8
umar,1
asli,9
cyri,1
asle,36
cyre,3
asla,7
asky,8
aslu,3
cyru,6
aslo,27
askf,2
aske,96
askh,10
aska,8
askd,1
asku,1
askw,2
askt,10
asks,4
askn,1
askm,7
askp,1
asko,10
aski,32
asni,4
asne,6
cyth,1
asna,5
asny,1
asnu,1
asno,14
asmi,15
xvon,1
asme,9
asma,37
asmy,12
asmu,27
asmo,9
aspl,4
aspi,16
asph,1
aspe,23
aspa,11
aspy,2
asps,2
aspr,5
aspu,1
aspo,5
asol,13
asof,16
asoe,1
asoc,3
asou,7
asor,13
asot,2
ason,37
ijes,2
asri,3
xvtr,1
asre,5
xvth,6
asqu,7
asto,123
rdde,1
umms,1
asti,9
asth,350
aste,8
asub,4
astw,3
asty,3
astr,50
astu,9
assn,6
vpol,1
assm,3
assp,2
asso,107
assi,56
assl,1
assk,1
assf,2
asse,60
assh,46
rdco,5
assb,1
assa,43
assc,3
asta,24
assy,30
assu,68
assw,1
asst,12
asss,4
facu,3
fact,52
facs,1
asvi,3
faci,9
aswa,10
fade,14
asup,4
fabv,2
fabu,4
asur,3
fabr,5
asul,1
asun,11
fabl,5
asui,2
asud,12
fabi,6
asuf,3
face,225
xvwh,1
asus,10
ijoh,2
ijok,1
asye,11
aswo,14
aswi,17
aswe,62
aswh,12
fadi,5
czar,1
umsa,1
rdja,1
asys,2
asyo,46
asyl,1
rdis,2
fagg,1
umum,2
fait,104
fair,70
fain,44
fail,43
ijud,1
rdno,1
ijul,1
ijus,1
fall,147
falc,4
fala,2
sgpa,1
fake,2
fana,2
ataw,1
atav,1
atas,7
atar,4
atau,1
atat,3
atan,35
ataq,1
atap,3
atbl,1
fanp,1
fano,2
fann,3
fanl,1
atbi,2
atbe,2
fang,5
fanc,37
atba,10
bwea,1
falt,2
fals,30
atam,8
famo,25
atal,37
atag,5
ataf,1
atai,1
atah,1
fami,112
atac,8
atab,11
atad,5
fame,8
ltco,2
atcu,1
atcr,1
atdo,1
atdi,13
atdl,1
atde,1
xweh,1
atda,11
atbt,2
atbo,3
fanu,1
atbr,5
fant,4
atcl,1
atco,2
atce,2
atca,2
farf,15
fare,53
fard,4
farc,3
atfa,1
farb,11
xwhe,1
fara,87
atev,9
ates,4
ater,6
ateu,1
atet,2
atfo,1
faru,3
fart,42
atfr,1
fars,5
farr,6
atfl,1
bwin,2
faro,17
farm,28
farl,2
atfi,40
fari,4
farh,3
atea,12
atdu,3
aten,8
atep,1
atem,4
atel,4
atei,6
fath,322
atha,14
fatf,4
fate,27
fatc,1
fatb,1
fata,13
unaf,1
unad,4
unab,21
unac,16
athr,5
fatv,2
fatu,2
fatt,10
athm,2
atho,32
athi,80
fato,4
athl,3
fatn,3
fatm,1
fatl,4
athe,29
fatk,2
fati,14
atga,1
fasc,8
farw,3
atfu,2
fast,56
atgr,2
atgo,2
atgi,1
atge,1
fash,33
unca,4
atje,3
unch,9
unci,23
unce,17
unbo,3
atju,2
unbl,1
atjo,1
unbi,7
unbu,2
favo,67
unbr,3
unbe,14
athw,1
unan,3
atir,2
unal,5
ltha,1
atit,10
atin,6
faut,1
lthe,1
unai,1
atip,1
unav,4
atim,18
unat,2
atil,1
unar,3
atig,2
faul,16
ltho,1
unas,3
unap,2
atle,68
unea,25
atla,121
undr,6
atlu,1
undo,18
atlo,1
undu,1
atli,2
undv,1
unda,1
undi,9
unde,592
undd,1
unco,63
uncl,70
atkr,2
unct,6
uncu,3
fawn,1
unge,1
atni,14
shab,5
unga,1
atne,1
shak,31
atna,3
shad,120
shag,9
shaf,2
unfr,10
unfo,23
atno,9
unfu,2
unfa,10
atmi,8
atme,6
unfl,1
unfi,6
atma,1
unfe,3
unes,1
atmy,13
uneq,5
unen,2
unem,2
atmo,16
unex,39
unev,3
unif,18
atpi,4
atpe,3
unic,1
unin,17
unio,3
atpa,1
unil,1
unim,11
shch,2
atpy,1
atpu,1
unho,6
atpr,9
atpm,5
atpo,3
unhe,10
unha,19
atoc,1
unhi,2
atoy,1
shap,52
ungu,1
ungr,7
shar,56
atou,5
sham,31
shal,1157
atot,4
atow,3
ungo,11
atov,1
shan,3
atop,2
ator,5
atom,3
ikep,1
shat,2
atoo,3
shaw,1
aton,63
shav,10
shee,68
shed,53
unki,1
sheg,17
rebe,19
shef,22
shea,46
shec,42
sheb,19
atri,5
shem,29
rebl,3
shel,118
sheo,9
unkn,17
shen,14
atre,19
shei,42
sheh,105
shek,12
atra,7
rebi,1
shej,1
reas,130
rear,19
unju,20
reap,17
atru,8
reaw,1
atro,5
reac,96
read,182
real,140
geba,2
univ,13
unit,22
uniq,1
atqu,1
gear,2
redf,2
rede,26
redh,7
unmi,4
atto,1
redg,1
redb,5
atti,14
reda,6
redd,2
redc,4
unme,5
redn,2
shgo,1
atte,160
redm,1
atth,571
redp,1
redo,6
atta,117
unmo,5
redi,6
redl,4
recu,9
rect,4
unlu,3
recr,15
gedo,2
attw,8
unma,6
attr,33
rece,191
unli,10
atsm,1
atso,11
reca,27
atsi,6
unle,53
atse,5
recl,1
reco,189
unlo,15
atsa,3
reci,6
rech,5
reck,35
gedd,2
atsc,1
gede,8
sheu,8
shet,41
shew,169
rebu,23
shev,4
ikil,3
sheq,2
shep,60
shes,123
ikin,2
sher,30
unla,4
atsu,12
atst,1
ikis,1
refi,7
shie,27
unof,2
refe,34
shif,11
ship,139
refo,7
unou,1
unor,2
refr,14
shis,1
shir,39
refl,40
unop,2
shim,3
shil,4
shin,36
atve,1
atwa,4
rees,1
reer,1
unnu,1
unob,2
unoc,2
reef,1
atun,1
unne,9
atum,3
reed,8
reen,1
reeq,1
reek,6
unno,3
atuc,1
reel,7
redu,15
atva,1
redw,2
redr,6
redt,2
reds,9
unna,11
atus,2
atur,1
geeu,1
rehe,5
unqu,10
ikno,138
atye,1
regu,31
atya,2
reha,2
regi,58
atwr,1
unpl,11
rege,2
unpi,1
atwo,1
atwi,7
ikne,23
unpu,3
atwh,12
regr,17
atwe,1
unpr,12
unpo,2
refu,30
shiv,10
rega,69
unpe,2
unpa,5
unsp,11
unsl,2
atzo,1
unsk,1
unsy,1
unsw,1
unst,10
rejo,51
unsu,10
unsa,4
unsh,9
unsi,2
reje,15
unse,19
unsc,3
unro,1
atyo,7
reig,47
unri,4
atyp,2
unru,1
reit,1
rein,30
rehu,2
unre,24
unra,2
shoo,34
shon,11
unus,8
shop,11
reli,91
unum,1
show,119
relu,13
shov,4
shor,121
shou,559
shot,14
gemn,1
gelo,1
shoa,2
rele,20
shoc,12
rela,83
shoe,23
reld,1
shod,1
untr,11
unto,161
untp,1
gelb,3
geli,1
untu,1
unta,1
unti,121
unth,2
unte,3
reno,21
unwr,2
geof,2
geog,4
unwo,21
xxat,1
rent,7
geom,3
unwe,3
gent,194
genu,4
unwa,6
xxab,1
rend,35
unwh,1
unwi,22
xxaf,1
rene,28
remo,67
remn,22
gena,3
gene,266
remm,2
geni,11
remu,2
geno,2
rema,180
unva,2
gems,4
rely,5
gemt,1
remi,31
unvi,1
reme,224
jnwa,1
repr,110
repn,1
repo,44
repu,44
repa,33
repi,1
repl,81
repe,70
shsh,1
reop,1
reor,1
xxca,1
shro,5
xxbu,1
shru,8
shra,6
geor,4
shri,32
shre,3
shut,42
luck,30
luct,1
auct,2
lucr,4
gess,5
gest,20
hhuu,1
shud,12
gerv,1
luby,1
shuf,5
audi,18
shun,4
lucc,2
auda,1
luci,12
requ,60
gerg,3
germ,57
xxdu,1
aubr,1
gero,1
gerr,1
gers,4
xxdo,1
auch,1
gera,11
xxdi,1
retu,247
retr,49
auer,2
getw,4
rete,1
gety,4
reta,26
retc,1
reto,1
reti,30
resu,46
getf,4
rest,215
geth,19
geti,22
resp,74
getl,2
getm,3
getn,5
geto,23
getp,3
getq,1
kras,5
getr,9
gets,4
gett,72
getu,11
rese,74
resd,1
kraa,1
resc,12
resb,3
reso,88
geta,23
getb,5
resi,44
ludi,1
getd,4
gete,1
joan,1
joas,12
shyw,1
revu,2
rewa,35
joat,3
augs,1
augu,10
revi,16
xxit,5
xxiu,1
lugd,1
xxiv,11
joac,9
xxiw,1
lugb,2
reve,91
joab,9
xxix,11
xxii,23
revo,30
joad,2
lugg,3
joah,4
xxin,1
shyl,1
joak,8
shyn,1
xxib,1
xxic,2
xxih,1
reut,1
augm,4
augh,3
reum,3
auge,2
luis,4
luip,1
jocu,2
jobn,1
jobp,3
jobr,2
jobt,3
jobs,8
jobw,2
joba,6
jobd,3
jobc,44
jobf,1
jobe,3
rewr,5
krem,4
joep,3
joes,12
joer,1
joet,2
joew,6
joey,1
joea,7
luke,26
joeb,1
joed,1
joeg,5
joef,1
joei,6
joeh,6
joem,2
joel,12
joeo,1
joen,2
jodt,4
ilay,6
jodh,4
ilag,2
lunc,4
ilea,5
luna,2
joha,5
jogg,1
jogi,1
lumi,7
aunt,6
lump,2
joff,1
lull,1
hicr,1
sici,6
sicl,13
sick,34
sich,8
hicc,1
siby,11
hick,1
join,38
siba,2
iler,1
ilet,1
sibb,1
ilex,1
joia,4
sibe,1
lung,5
johe,2
ilef,5
john,54
ilen,1
ilia,1
sien,1
aure,1
xxth,1
sieg,13
aura,2
lure,4
sidr,3
joki,1
sido,10
auru,2
auro,1
hier,5
hidt,3
side,202
sidl,1
joke,10
sidi,2
hidd,30
hide,38
hidh,4
hidi,25
jojo,1
auto,7
sigh,117
auth,72
siga,1
xxvs,1
xxvt,3
sign,119
aute,1
jona,46
wuss,1
xxvh,2
xxvi,35
jone,3
sigi,1
sift,1
high,224
xxva,1
xxvc,2
xxve,1
lust,12
autu,13
higo,1
iliv,3
lusc,15
ause,1
jome,26
ilig,1
lurk,2
luri,6
siev,1
ilik,15
joll,4
sier,1
aust,28
ausp,1
jolt,3
ilis,1
iliu,1
ilit,2
illy,1
xxxt,3
xxxv,39
xxxw,1
xxxi,49
xxxo,2
illi,5
xxxa,2
xxxb,1
illl,14
xxxc,1
illk,4
illn,12
illm,3
xxxf,1
illp,5
illo,5
illr,2
illt,25
ills,23
illu,67
illw,6
illb,13
illa,11
illd,11
illc,14
illf,11
ille,9
illh,5
illg,15
xxvw,2
jonq,1
jora,6
jord,26
hila,1
auxi,13
ilod,2
jore,1
ilny,1
hike,3
hiki,2
jopp,3
luza,2
simm,2
simi,17
hind,24
hinf,2
hing,4
simu,11
simp,74
simo,25
himl,16
himm,17
himn,25
himo,50
himp,18
silv,80
himq,1
josu,50
himr,15
hims,490
jost,2
himt,265
himu,22
himw,114
sime,10
himy,13
silk,8
josa,13
silm,1
sill,15
hima,309
jose,44
himb,72
sili,2
himc,17
himd,22
hime,24
himf,71
josi,11
himg,17
himh,93
silo,4
himi,110
himj,4
himk,4
hill,87
iloo,22
luxu,10
ilor,2
hilt,2
sile,111
ilov,13
sila,1
sion,19
jove,14
jovi,2
byah,1
byai,1
jous,1
byaf,6
jour,55
byag,10
byad,7
byab,4
byac,2
sinm,3
sino,4
sinn,39
sini,5
sinh,2
sink,18
sinu,2
sint,14
sinw,2
sinp,2
sins,37
sinr,2
hino,1
hint,14
sine,5
sing,120
sinf,5
sina,13
sinc,160
sinb,5
hira,6
iluc,1
mybi,4
hirc,1
hire,10
mybl,3
bybr,4
mybo,15
bybo,7
hirl,2
mybu,3
mybr,15
bybl,1
bych,6
byci,1
jowy,13
myba,1
byca,4
mybe,17
byav,5
myaf,2
byaw,1
sipp,1
byat,4
byar,4
byas,15
myai,1
byap,6
myap,1
byan,32
myan,4
jowl,1
byal,18
myat,1
byam,2
myas,2
myar,7
bybi,2
hipp,9
bybe,4
byba,4
myad,4
hitc,3
sist,47
mydi,5
mydo,2
avau,1
hith,33
bydu,1
hiti,1
mydr,4
lvar,2
avas,12
hitm,1
bydr,2
avar,6
bydo,4
aval,3
mydu,2
hisr,69
byel,1
hiss,278
sisa,5
hist,210
hisu,13
sisc,1
hisv,40
hisw,117
byei,3
hisy,7
myda,11
lvae,1
sisf,2
joza,2
byea,1
myde,108
hita,2
hitb,1
hisb,145
joye,1
hisc,151
joyd,2
sirp,1
hisd,78
mych,14
sirs,10
joyg,1
hise,118
joyf,19
sirr,3
hisf,200
sirm,2
joyi,1
hisg,76
joyh,1
hish,235
mycl,4
siro,1
hisi,27
bycu,1
hisj,8
mycr,3
hisk,20
joyl,2
hisl,119
joyo,9
hism,157
myco,31
hisn,64
hiso,109
byco,4
sirt,6
mycu,1
hisp,144
bycl,3
joys,4
sirw,1
joyr,2
hisq,7
avai,15
sira,6
hirs,2
bydi,7
sirc,1
sirb,2
byde,10
avag,1
siri,3
sirh,4
myca,6
byda,6
sirk,4
sirj,1
joya,12
sire,13
sird,3
myce,1
sirg,2
joyc,2
hisa,95
sirf,1
hive,1
myfl,3
ilyi,3
myfo,11
myfu,3
myfr,25
byfo,7
bygo,24
myey,21
myfa,42
bygi,2
myfe,1
ilya,3
byge,1
myfi,13
byga,2
myel,2
sits,7
situ,23
sitt,71
sito,4
byex,4
sitn,3
myen,13
byev,3
sitq,1
myem,1
byet,1
myer,1
myex,4
sitw,2
byen,4
sity,2
myev,2
lvbu,1
sitc,1
sitb,3
hitt,5
site,1
sitd,14
byfl,2
byfi,7
hitw,1
sita,2
sitm,1
myea,4
byfa,25
myeg,1
siti,3
myho,11
avet,2
myhu,6
sixa,3
byhu,1
aves,3
myhy,1
aver,39
byin,9
byim,4
myha,22
myhe,56
mygl,3
mygr,3
mygo,27
mygu,4
bygu,1
sive,2
byho,5
avem,2
avel,3
aven,18
siva,1
aveh,2
myga,1
byhi,47
myge,3
byhe,17
sivo,1
mygi,1
byha,4
myjo,4
myju,4
upab,5
upac,2
byju,1
sixw,3
sixy,6
myin,14
sixs,1
sixr,1
sixt,41
byit,7
sixf,1
byjo,6
sixi,2
sixh,14
sixc,3
myid,1
sixb,5
sixe,1
sixd,14
sixo,3
sixn,3
sixp,3
sixm,5
sixl,1
byme,17
upby,7
byma,10
lviw,2
bylu,1
upca,1
myla,15
upbl,1
lvie,1
myle,9
lvic,1
bymo,5
lvii,8
upbu,6
myli,28
mylo,25
upbr,7
bymi,9
avic,4
byla,1
upaw,1
upbe,12
upba,1
byku,1
upal,3
upam,1
avis,5
avir,5
size,8
bylo,2
lvhe,1
avil,3
myke,1
avio,4
upaf,3
upag,11
upat,6
myki,6
byli,8
upar,1
upas,3
mykn,3
upan,54
byle,2
avig,1
mynu,1
byob,1
byoc,2
myob,1
myoa,3
updo,2
myne,5
byot,6
byou,9
myni,1
byor,1
byos,1
byop,2
updi,2
imbe,1
byon,10
byol,1
imbi,1
myno,1
byna,8
imar,4
imas,1
upde,1
mymy,2
imaw,1
myna,14
bymy,19
imay,20
upda,1
myma,32
imad,23
byno,3
upch,1
myme,12
imaf,2
imah,1
imag,85
mymi,20
byni,12
upcr,1
mymo,18
imal,1
imak,3
mypu,2
imdu,2
upfr,10
upfo,8
mype,14
mypi,3
upfl,1
mypo,13
mypl,3
mypr,10
myov,1
byph,1
imco,1
myot,1
bypa,8
myow,28
upfi,1
upfe,1
mypa,9
myod,1
bypu,1
bypr,7
imce,1
bypo,2
myon,2
upex,1
myol,1
myor,1
myop,2
bypi,3
bysh,7
bysi,7
byse,7
mysa,6
bysc,2
bysa,5
myse,126
myri,1
bysy,2
upho,9
myrm,1
byst,20
bysu,4
myro,5
bysp,3
myru,2
imfo,1
byso,17
myrt,3
bysl,2
myrr,2
byri,2
imer,1
avoi,33
imet,2
myqu,1
byre,18
byra,1
myra,2
uphi,15
myre,17
uphe,13
imfa,1
avow,2
imea,18
imed,2
avoy,9
byru,1
avos,1
upgl,1
lvno,1
byro,5
imen,1
avom,1
avol,3
imhu,2
upke,1
upju,3
imhe,1
myti,3
myth,8
myto,9
upjo,1
mytr,7
byus,5
mytw,3
byun,3
upje,2
byti,1
mysw,2
byth,401
byte,3
myta,5
byta,5
myte,11
upit,3
mysi,29
mysh,6
upis,1
bytw,5
upin,31
mysl,3
mysk,2
imgl,2
mysq,1
mysp,9
myso,91
bytr,6
byto,3
mysu,4
imgo,2
myst,52
bywo,6
mywa,6
upme,1
bywh,36
bywi,6
mywe,1
upmo,1
lvth,1
mywi,16
mywh,2
bywa,14
myvo,6
byvi,4
upla,3
byve,1
uplo,1
myve,1
myvi,3
byva,4
upli,8
imig,11
myun,5
imit,15
imis,1
upoh,1
byyo,8
upof,5
upor,1
imma,4
upon,498
imme,114
imlo,1
imla,4
upno,2
byxe,1
upmy,8
mywr,5
upmr,1
mywo,17
imod,1
upqu,1
imof,2
imog,1
imno,12
uppu,1
myze,2
uppe,14
uppr,2
myyo,4
immi,2
upov,1
immo,27
upou,7
immu,2
upsn,1
upso,2
upsm,1
padd,5
upsh,1
upsi,4
upsw,1
upst,11
impl,12
impo,155
pact,1
impr,74
impu,20
upse,7
upsa,1
paci,11
upri,12
impa,33
pace,22
impe,56
upru,2
impi,2
pack,33
each,97
upro,8
imon,2
upre,1
imos,2
paca,1
upra,2
upup,4
imse,2
eage,32
upto,61
imra,3
paem,1
pady,1
padt,1
upth,76
imqu,1
upte,2
pahl,1
imuc,1
upwa,21
upwh,5
upwi,15
upwe,2
imti,1
imth,3
pago,4
eagl,19
imso,8
imsu,2
page,27
upve,1
paga,5
away,294
pajp,74
awat,3
awas,2
upyo,4
awar,38
awal,4
awak,28
awan,1
pain,70
pair,11
imur,1
imus,28
awai,20
awad,1
ggou,1
paid,13
palo,1
palp,3
pall,7
palm,9
imyo,2
pals,3
imys,9
pala,21
pali,1
pale,43
palf,2
pans,2
pant,10
pann,3
pano,1
awet,2
panz,26
aweo,4
awer,1
panc,1
pand,1
pani,9
panl,1
pane,3
pamp,6
awel,6
awei,5
awed,1
awee,8
awea,2
paps,2
awha,4
awho,16
pape,35
papa,13
awhi,25
awfu,13
ease,12
parv,1
parr,2
pars,12
part,363
lwis,1
pasa,3
awis,25
earw,1
pare,20
east,83
para,108
parc,8
pard,17
parm,1
parn,1
pari,12
easi,31
park,7
parl,9
earb,1
eara,4
eart,141
ears,24
earr,3
awil,10
earp,2
earo,2
awin,6
earn,20
earl,36
awig,1
lwhe,1
eari,3
awid,6
awic,5
awif,5
lwhi,1
inbo,10
inbr,10
pats,1
patt,9
vthi,1
inbu,8
pauc,1
vthe,1
inby,4
awkw,10
path,47
pati,49
patc,9
inba,15
patd,1
pate,5
inbe,17
patr,24
inbi,3
inbl,7
patm,2
inam,22
inal,69
eatf,2
eate,19
inan,78
inaq,1
pass,318
eatb,5
inap,12
past,56
inas,35
eata,14
inar,13
inau,5
inat,20
inaw,6
pata,2
inav,16
inay,1
easy,31
eatw,4
eatu,4
eatt,11
eats,7
pasc,7
inac,35
inab,22
eatp,1
eato,6
inad,25
eatn,5
inag,8
eatm,1
eatl,2
inaf,34
inai,2
inah,10
eati,24
eath,2
inaj,1
indo,17
indr,7
indu,46
indw,2
pavi,8
inda,7
pavl,10
pave,15
inde,188
pavh,1
indi,140
inco,86
eave,5
incr,57
incu,11
inca,29
ince,34
inci,25
paus,27
inch,24
paul,51
paun,3
incl,68
infr,42
infu,12
paye,2
payf,1
paya,5
inga,5
payc,2
infa,65
infe,36
infi,42
infl,65
info,70
ineq,4
awoe,4
ines,1
iner,4
inev,65
inex,18
paxf,2
inea,6
awou,5
ineb,3
awor,18
inee,6
ined,1
ineg,4
pawh,1
inef,6
pawi,1
awon,4
inei,3
awom,20
awoo,5
pawn,1
inel,5
awol,1
inen,6
awok,4
awri,2
inhu,10
awre,1
awra,1
skel,7
awry,1
rhap,1
rhar,1
inhe,115
inhi,190
inho,19
awro,1
ings,5
ingr,20
ingu,1
ghas,2
rhad,2
inha,83
paym,14
inge,25
payh,4
payi,16
ingi,2
payt,2
payv,1
ingl,3
ingo,21
pays,2
inju,51
inka,1
inke,1
inje,9
injo,4
feat,23
feas,23
fear,178
init,67
iniw,1
inid,2
inig,1
sket,1
inim,7
inil,1
inin,4
ghcm,1
iniq,62
inis,6
skif,4
skie,2
skin,18
inma,21
skim,4
skip,2
inme,16
skil,18
rhet,7
fedb,1
inli,40
feda,2
inlo,12
inlu,1
febr,6
inla,14
inle,10
rhei,4
inkf,2
inki,3
inkh,3
inko,1
inks,2
inku,1
feet,108
inny,1
ebbs,1
fees,1
wwwg,3
inoc,1
feel,118
inob,4
ghib,2
inod,1
inof,2
feeg,1
ebbe,1
inni,1
innl,1
innk,9
inno,40
innt,2
innu,18
innw,4
fedt,4
inmy,67
feds,1
fedo,1
inna,12
innd,1
fedi,3
inne,27
fede,1
inmi,18
feed,24
feeb,14
skir,13
inmo,34
skit,3
inmr,1
inmu,7
inpl,5
inpo,4
inpr,20
inpu,4
inpa,14
inpf,2
inpe,32
inph,1
rhin,9
inpi,5
inom,1
inol,6
inon,30
ghim,7
inop,2
inor,27
inou,19
inot,9
inow,7
insa,24
insc,8
inse,32
insi,78
insh,23
fein,2
insm,4
insl,5
inro,7
inru,4
inra,6
inre,34
inri,3
feig,2
inqu,50
skna,1
inun,8
fell,140
into,601
intr,62
feli,4
intu,1
intw,3
inta,7
inte,366
inth,1590
inti,27
inso,59
insn,3
insp,47
insu,68
inst,250
insw,1
insy,3
inwe,5
inwi,11
inwh,110
inwo,8
pbjp,39
fenn,2
invu,2
fenc,16
inwa,16
inva,30
inve,33
felt,96
invi,53
invo,38
rhos,1
femm,1
inup,2
inus,4
inur,1
ghos,25
skri,1
fema,10
rhod,3
inyo,24
lxca,1
skul,5
inwr,3
fera,4
axew,1
axes,2
ferr,3
eboo,3
fero,5
ebon,4
fern,23
ferm,2
ferg,3
ferd,3
axef,1
axeh,1
skyv,1
fetc,11
skyw,5
skyt,2
skys,2
fest,17
fett,3
skyf,1
skyh,2
skya,4
skyp,1
skyi,2
skyl,3
fete,1
ghvn,3
ferv,3
fert,3
ghvs,2
lxio,1
feve,5
lxin,1
lxiw,2
lxix,3
lxiv,3
urbi,1
lxia,1
lxii,6
axio,3
ebro,1
lxha,1
fexc,1
toav,12
iobs,4
toaw,4
tobe,324
iobt,2
toba,15
toal,48
toam,12
toah,8
ebur,6
toai,3
toaf,6
toag,7
toat,15
toau,3
toar,12
toas,31
toap,18
toan,56
fewg,4
fewf,3
fewe,4
fewd,7
rhyt,3
fewb,1
fewa,2
toad,25
toab,14
toac,24
toaa,3
feww,7
fewt,3
fews,6
urch,2
fewr,1
fewp,2
fewo,6
fewn,5
fewm,9
fewl,1
rhym,5
fewh,11
urga,1
fezh,1
urgi,4
tode,68
slag,1
urge,10
toda,37
slac,9
slab,3
toco,89
tocl,11
toch,22
toci,3
tocu,9
tocr,13
toby,1
toce,1
toca,45
tobl,7
tobi,38
tobu,17
tobr,19
tobo,36
tofa,14
vulc,2
uria,7
ioft,3
tofi,37
tofe,17
vulg,12
toen,35
toeo,2
toel,6
toem,6
toex,32
toev,15
toew,1
toer,5
toes,5
toea,23
slay,15
tody,1
toef,1
toed,2
todo,87
slam,2
slan,11
slai,43
todi,30
todw,8
slau,17
slat,2
todu,5
slav,25
slap,1
slas,4
todr,22
toha,57
ribb,9
riba,3
slei,1
tohi,262
slee,107
sled,2
tohe,105
ribe,2
togr,19
gibb,5
togo,70
gibe,1
togl,3
riar,1
togu,4
toga,10
togi,46
toge,261
vult,4
tofr,7
tofo,37
urin,2
ioge,2
tofl,11
tofu,6
gian,16
toje,11
ridd,16
toja,2
ridi,37
ride,58
ridh,1
ridg,9
toit,40
gidd,4
tois,14
toin,27
rico,2
toid,2
toic,2
toil,9
toim,9
rich,57
rick,2
rice,1
slep,16
toho,30
slen,6
ribw,1
ribs,3
slew,17
tohu,5
gift,20
slid,5
slig,24
tole,49
told,113
lxva,1
tola,19
slic,2
tolo,38
slim,2
rifl,15
slin,9
giga,6
toll,8
lxvi,9
toli,26
toku,4
toke,28
toka,2
tokn,28
kura,8
toki,16
toju,12
ridm,1
tojo,14
rido,2
toni,33
tong,57
tone,28
tono,16
lxxi,17
tomy,41
tomw,3
tomu,4
ionl,9
tomr,3
toms,10
tona,15
kutu,90
tomh,2
tomi,13
rigg,6
tomg,1
riga,1
tome,124
kuta,1
tomb,12
tomc,3
rigm,1
tomp,1
rigo,3
ionc,2
tomo,76
rigi,2
toml,1
righ,203
slit,1
tolu,3
tols,2
slip,43
lxvt,1
toma,75
lxvw,1
topl,11
topi,17
ffgr,1
topg,3
toph,9
tope,21
topf,1
tops,6
topt,4
topq,1
topr,54
topo,31
topp,4
topm,3
tooy,2
toov,6
toow,23
toot,24
toou,21
topa,24
took,172
tooh,4
tooi,2
toof,10
toog,3
tood,4
iopa,1
tooe,2
eccl,70
toor,11
toos,9
iope,5
toop,8
toon,27
tooo,6
tool,23
iopi,1
toom,22
ecce,5
tonu,1
tons,2
toob,15
lxxv,12
tooc,4
lxxt,2
tooa,8
lxxx,27
torm,23
torn,4
rill,1
slog,2
tori,17
uruk,2
toru,19
gime,2
slou,3
tors,1
tort,25
slot,9
sloo,2
torr,18
toro,14
slop,24
gill,1
tore,102
gilt,8
torc,11
tora,11
gilw,1
iore,2
toqu,12
iord,2
gild,10
gilg,2
topy,1
topu,15
toto,8
ring,76
toti,10
totw,4
rins,1
ioug,5
totu,9
echo,7
tott,3
totr,21
rind,1
toth,926
tote,35
tota,59
tosn,4
toso,17
tosl,15
tosm,5
tosh,31
rimi,1
tosi,26
ginc,3
gine,3
tosw,4
tost,39
rimu,1
tosu,29
ioth,1
ging,6
rimo,2
toss,18
tosp,38
tosq,1
kuzm,10
giml,46
slow,78
eche,3
tory,2
torz,2
echa,2
rime,1
tose,105
tosc,4
tosa,71
ripp,10
ayar,1
iowe,3
ayan,1
iown,2
pcjp,14
ript,1
tova,1
gips,1
tovi,10
ripe,1
riph,1
ayay,3
toup,2
toun,20
iove,2
toul,1
touj,1
riot,6
tout,5
tour,10
tous,28
gior,1
giov,4
toug,3
touc,83
slum,8
slun,2
lycu,1
eclo,1
girt,4
slui,2
lyca,2
slug,3
towr,8
town,77
gird,26
towo,13
lybi,2
towm,1
giri,2
girl,33
towa,224
ecli,2
towh,139
towi,22
towe,49
ayey,3
tozo,2
ayew,5
giul,1
ayet,3
ayes,7
ritu,1
econ,4
toza,2
ecod,1
rite,13
lydi,3
riss,1
toys,4
gith,2
toyo,70
toyy,2
ayei,1
ayel,4
gist,1
ayeh,1
ayeg,1
risi,30
ayeb,3
ayea,32
risk,11
ayec,2
rise,48
toyi,2
rivu,2
usab,5
slye,1
rive,129
slya,1
riva,4
ayhe,1
slyl,1
give,427
givh,1
givi,51
ecou,2
lyin,54
usby,4
usbu,7
usca,2
ayit,1
ayis,1
ecst,6
usbe,4
usbo,1
usaw,1
usas,8
usba,1
usag,4
usar,3
usam,3
usan,23
usal,6
usef,11
usec,1
used,54
usea,6
usdu,1
usdr,1
usdo,4
ipas,6
usde,3
ipar,2
ipau,2
ipay,2
uscl,1
usco,2
ipai,1
lymp,2
hmar,1
smac,3
usfo,10
usfr,4
hmah,1
jsfr,1
usey,2
usew,2
usfe,3
usfa,1
usen,5
usel,16
usei,8
usev,1
uses,4
uset,8
useo,10
usif,3
usho,1
aypi,1
usha,2
iper,5
hmbu,1
ushi,2
ushe,4
smal,109
usgo,5
ayou,9
smat,1
ipeg,1
smas,9
smau,10
smar,10
smea,3
ayre,1
smee,1
usip,1
usim,2
usin,15
usis,1
ayth,3
lysv,1
usma,2
lysi,4
lyst,2
usle,3
ipit,2
aysa,2
usli,5
ipic,1
lyre,1
smel,21
usof,4
hmiw,1
smia,1
smil,83
uson,6
hmif,1
wyts,1
usne,1
usno,3
ipla,1
usmu,1
hmhe,1
usmr,1
usmo,1
hmhi,1
hmhm,5
hmho,2
usph,1
smja,30
smit,20
usou,1
smir,1
uspa,1
ussl,1
ussh,1
usse,5
eddi,1
usso,5
hmmm,1
usri,3
hmmd,1
ipoi,1
usqu,2
ipol,2
ipon,1
ipos,3
usun,4
zabu,6
smol,15
smok,49
smot,13
usur,6
daci,1
smoo,24
usup,2
tpro,1
edge,23
edgc,1
ipro,13
ustw,3
usua,43
dabr,2
usth,25
ipra,9
ustr,1
ipre,8
usto,9
ipri,1
hmno,1
usta,3
uswi,4
edif,5
daff,1
edic,3
uswh,3
uswe,4
uswa,1
oado,2
zach,30
smou,5
dadw,1
azar,8
hmti,1
dago,6
pdjp,4
rjpr,1
hmsa,1
edit,18
dagg,9
ipur,2
iput,5
dain,6
dail,9
smug,6
oaki,1
oaks,1
oaku,1
edon,3
edom,14
dali,4
dale,15
oaka,1
dald,1
oake,3
hmwe,1
zain,8
edna,2
zamb,2
damr,1
dams,21
damp,3
dani,41
danj,2
dang,90
danc,44
dand,2
dana,5
danb,2
oall,8
daly,1
pdon,1
edor,4
damn,5
dame,2
zakh,2
dama,22
zano,4
dapp,12
edra,3
zanc,1
zand,1
danu,1
dans,4
dant,2
zamo,1
zamr,4
oana,2
edre,2
educ,9
vwhe,2
dart,14
daro,1
darm,1
darn,1
dark,195
darl,8
dari,13
dare,33
date,10
data,1
edwa,1
oasi,1
dati,1
dath,1
azma,2
oars,14
zare,3
oart,2
darw,2
zara,2
oare,1
dash,16
azpe,1
utic,1
zatm,1
davo,13
davi,136
daug,155
oats,4
daub,2
daty,1
snak,3
azor,3
azot,8
daur,1
oath,22
snai,2
daun,2
snar,11
snat,15
snap,9
snea,4
snee,5
zava,1
util,3
dawn,21
daze,2
dazz,7
dayh,14
dayi,18
dayf,13
dayg,4
dayd,3
daye,1
dayb,28
dayc,8
daya,48
dayw,24
dayt,35
dayu,3
dayr,3
days,166
dayp,2
dayn,5
dayo,31
dayl,20
daym,2
snil,1
snif,4
azub,2
utmo,9
azur,2
pebb,4
pear,15
peas,23
peal,2
peac,113
peak,8
snip,9
sniv,1
pede,4
peda,3
pedi,1
pect,1
pecu,29
snma,1
azym,4
peck,2
utqu,2
jtro,1
snor,7
peep,4
peer,18
utte,68
peel,1
pedr,4
obed,24
obei,1
pehe,1
ique,1
iqui,7
pegs,2
obdu,1
obea,1
pegg,4
snow,30
pega,1
pejp,72
obey,25
pell,1
snuf,9
pele,5
snub,1
pela,7
peke,1
penn,4
peni,9
penk,2
eenw,2
eent,2
penw,2
eens,2
pens,11
pent,7
pene,23
penh,2
pena,13
penc,8
pend,2
gkth,1
eeni,1
eenf,1
eena,8
obje,49
juan,1
pepe,1
peop,378
obli,39
oblo,2
penz,1
obla,9
oble,4
oboo,1
perq,2
perr,1
pers,251
pert,13
obol,4
perm,38
pern,5
obor,3
pero,3
perp,37
peru,1
perv,20
pera,3
perc,59
perd,3
peri,96
perk,1
obod,1
perl,1
pere,5
perf,96
perg,2
perh,138
jubi,5
obno,2
pequ,19
juba,1
pets,1
tray,2
pett,5
petu,1
peto,1
trav,44
petr,6
pety,44
trai,46
pete,80
trag,7
traf,5
trac,32
peta,1
trad,33
trap,14
tram,20
tran,151
peti,8
tral,1
irai,1
judi,31
pest,13
iran,1
trab,4
irat,4
irav,1
pesc,1
iraa,2
juda,93
jude,15
judg,175
jugs,1
obst,15
hoar,8
soab,7
jugw,1
soad,1
soac,4
obsc,9
peve,1
obse,112
jugg,1
obso,3
peup,1
obri,39
irch,2
soby,1
hocs,1
socc,3
soca,6
trem,50
tren,75
trel,1
juic,3
sobi,4
sobs,7
trev,5
sobr,2
tres,9
sobu,6
sobo,5
sobn,3
trep,3
hock,1
irem,22
irel,4
obtr,1
ireq,1
irep,3
ires,7
hobq,1
pewt,1
obtu,1
tree,157
sobb,8
iret,5
tref,1
sobe,26
trea,134
treb,9
soba,9
soal,30
obta,29
irea,10
irec,11
soag,4
hobb,111
soar,7
soat,11
ireg,2
soas,21
soan,13
hobg,1
soam,8
hobh,1
soap,4
irej,3
soea,3
soed,2
sodo,22
sodi,12
hoec,1
sodu,2
sodw,1
sodr,1
glam,2
glan,42
glar,7
hods,2
glas,30
sode,5
soda,16
glaz,3
socl,6
sock,10
soch,4
obvi,16
soci,39
glad,55
socu,1
soco,15
socr,4
soga,6
hogs,2
sogi,2
soge,3
sofo,14
jumb,1
trip,8
trim,9
tril,1
triu,20
sofr,8
triv,3
sofu,3
soft,44
jump,22
tria,13
trib,76
sofa,39
iris,12
soez,2
hofs,2
july,4
sofi,5
trig,1
trie,36
trif,16
tric,20
sofe,2
soen,3
soel,4
irig,1
soev,8
juli,27
soeu,1
soex,2
soet,1
soes,5
soib,3
soia,3
hois,10
soid,3
soic,4
fich,1
soil,8
soik,1
soih,4
soig,2
soho,1
fict,2
soha,13
sohi,6
sohe,77
glea,26
sogo,10
junc,8
sogr,15
june,3
hohe,2
jung,2
glee,1
juni,3
junk,2
hohm,1
juno,1
hoho,6
glen,1
soke,2
fien,2
trne,1
fiel,82
soka,1
iroa,1
hola,2
holb,3
hold,141
soki,6
soju,4
sojo,25
fier,34
soje,10
soja,5
fide,11
fidd,2
soir,3
soit,64
sois,31
soin,13
soim,3
soip,1
soiw,5
figs,4
some,912
somb,3
soma,22
figm,1
somm,5
hona,1
somo,8
figh,68
figf,3
somi,3
hone,29
solu,4
trow,6
trou,95
solv,2
trot,7
homm,1
homo,2
just,334
figu,48
troy,5
figt,7
homu,1
glit,26
sole,41
sold,158
jury,2
sola,8
holy,73
trod,9
troo,55
trop,9
solo,58
homa,2
soli,52
fife,1
trol,9
troi,1
home,90
troj,4
hole,18
glid,4
juri,7
holi,20
soko,4
holl,28
iron,29
glim,19
holo,70
glin,7
iros,3
fift,84
glis,2
occa,74
effr,2
effo,22
soof,6
soop,1
hopa,1
sooo,1
soor,2
effi,10
hope,115
soon,162
effe,42
sonw,13
hooh,1
irri,12
sony,98
hook,13
sons,75
sonr,3
hoom,9
hoon,1
sont,9
hoop,2
soob,1
effu,2
hoow,1
song,27
soni,14
sonh,5
sonc,2
sonb,4
sone,9
sond,3
sono,154
irra,2
sonn,24
hooc,2
hood,9
irre,39
sonj,2
hooe,1
hoof,11
sonm,2
hoog,1
somu,28
effa,1
honj,1
honl,2
hono,111
sona,21
jutt,3
somy,2
hont,1
ocea,30
horb,2
gloa,1
glob,6
hore,3
hori,7
gloi,1
file,6
sopt,3
filb,1
sopi,2
soph,14
sope,1
sopr,2
sopl,1
sopo,2
hopi,11
soot,11
occu,85
soou,2
sopa,7
sosl,2
sosm,4
sosh,35
hota,1
hotb,1
sosi,5
hotd,1
sost,9
pfjp,2
hote,1
hotf,1
soss,1
sosu,5
hoth,2
sosp,2
soso,15
fini,53
hosm,1
fing,50
hosp,18
fine,63
find,154
finc,1
host,58
finb,2
fina,34
sose,7
sosa,44
trum,25
trun,14
trul,15
filt,10
trui,1
hosa,5
sori,1
sorr,54
hose,2
trus,70
soru,1
efim,1
trut,90
sort,63
fill,112
soro,1
fili,8
horn,32
gloo,20
soqu,3
irus,3
horr,59
fimb,1
true,104
glor,121
hors,191
sorc,5
glos,4
truc,6
sore,16
horw,2
glov,3
glow,16
sora,4
soun,102
soup,3
hove,7
soul,93
sour,11
sout,102
sous,1
houn,7
houp,2
hour,82
hous,388
hout,3
soug,23
houy,8
souc,2
soto,8
finx,1
finw,1
soti,3
soth,300
ochi,2
fins,2
ocho,7
sotu,2
ochr,1
sotr,3
hoto,2
hotp,2
sosw,1
hott,3
sote,3
hotw,2
sota,3
sowo,4
glub,1
sown,5
glui,7
vyaz,1
glum,9
howp,5
firm,34
howq,1
hows,46
sowa,2
howt,48
firi,7
howu,3
howv,6
howw,17
sowh,27
fire,182
howy,3
sowi,6
sowf,2
sowe,20
howa,23
howb,22
howc,50
tryp,6
howd,42
howe,150
tryn,1
howf,18
howg,15
howh,41
tryy,2
sovw,1
howi,55
howj,3
tryw,3
howk,1
howl,71
howm,46
hown,8
trys,2
howo,19
tryt,10
trya,5
tryb,1
souz,1
tryi,43
tryh,1
trye,1
sove,17
soyo,37
fist,7
fiss,9
hoyt,1
fitm,1
fiti,1
fith,1
fitf,6
soye,4
fitb,1
oclo,11
hoyf,1
firw,1
firt,4
firs,319
hoyo,1
glut,3
fish,41
ocla,2
ocou,1
five,86
uvar,2
fitz,4
fity,2
fitt,15
fits,2
fixd,1
isbo,10
tsar,8
isbr,4
isbu,2
isaw,62
isay,60
fixn,1
isba,3
fixi,1
isbe,11
fixh,2
fixe,27
isah,5
isag,5
isaj,2
isai,129
isal,23
isak,1
isan,28
isam,8
isap,9
isar,7
isat,13
isas,20
isav,3
isab,15
isaa,27
isad,11
isac,7
isaf,4
isdo,6
isdr,1
spac,28
isdu,3
isda,3
isde,9
isdi,9
iscl,3
isco,21
isby,3
pfue,6
isca,18
isch,4
isfo,12
isfr,3
isfu,3
isfa,8
isfe,3
isfi,8
isel,1
isen,31
isem,3
iseo,3
iser,2
spaw,2
iset,5
ises,3
isev,5
isex,5
fizz,1
spai,6
octa,1
spad,5
isea,1
ised,2
isec,1
spas,3
spar,37
isee,34
octo,13
span,23
isei,1
isho,85
ishu,6
spee,70
sped,4
spea,273
spec,95
isha,87
ishe,29
ishi,11
ishm,2
isgo,15
isgr,6
isga,3
isge,1
isgi,6
isgl,3
isju,4
isjo,2
isir,1
isit,81
isis,2
spel,9
spen,31
isia,1
isif,3
isih,1
isig,2
isil,8
isin,33
isim,4
sper,44
spic,5
spik,5
spie,14
spid,10
isma,8
isle,14
isli,13
islo,5
sphi,2
isla,60
sphe,5
iske,1
iskn,6
isnt,15
isob,1
isne,14
pgan,3
isni,2
isno,123
ismu,3
ismy,12
egad,3
isna,4
spir,112
isme,5
spil,6
ismi,2
spin,6
spit,23
ismo,17
odai,3
ispi,1
splu,1
ispl,10
ispo,16
ispr,6
ispu,1
isov,4
isou,10
sple,24
spla,14
ispa,5
ispe,21
spli,11
isof,13
isol,6
ison,18
isom,3
isoo,2
isor,1
isos,1
spoi,26
spoo,5
issa,14
spon,2
issc,1
spok,139
isse,7
issh,10
isri,3
isro,1
isru,1
isra,235
isre,13
odau,3
isqu,11
naba,8
odea,8
cabo,1
cabl,4
oded,2
cabm,1
nabi,2
isuf,2
cabi,14
isug,1
egid,1
oddo,1
isto,31
oddt,2
tsst,1
odds,3
istr,14
istu,8
cabu,1
oddb,1
eggs,2
odda,1
ista,17
iste,4
naam,6
oddm,1
isti,5
oddl,3
isth,206
cabb,3
issi,6
issl,4
caba,3
spos,1
spor,9
issp,3
spou,8
spot,29
isso,33
pgfr,1
isst,11
issu,30
eggw,1
caat,4
issw,1
cadu,2
nada,5
iswa,6
iswe,12
pgjp,1
iswh,13
iswi,12
caec,1
spru,5
spri,60
isva,6
spre,42
isve,9
pgin,1
cack,1
nach,3
cach,2
odes,2
cade,9
isun,9
nabo,6
isup,31
nabu,35
spra,31
isus,6
spun,1
isye,1
odio,7
sput,2
eglo,2
spur,13
cage,4
caes,93
cael,1
iswo,7
iswr,4
egle,1
egla,1
caii,1
nagw,2
naha,4
nagg,1
nago,1
nags,1
isyo,6
spyo,1
cajp,43
najo,3
spyw,1
naiv,3
cake,7
spyi,2
caiu,6
nail,13
egot,1
cair,3
caip,2
yahs,1
cain,3
egon,1
nahu,5
yaho,13
yaha,1
yahb,1
yahc,1
naie,1
yahe,2
odol,5
caly,7
calv,9
odou,9
calu,2
calp,1
calo,2
cami,20
yako,2
came,345
cama,8
camb,4
call,313
calm,23
cali,1
calf,6
cald,2
cale,8
calc,15
cala,13
nake,25
itbl,1
cany,10
canv,1
itbo,2
canw,6
cant,125
itbr,4
nant,17
canu,3
canr,13
cans,27
canp,5
itbu,29
itaw,5
nane,2
itba,3
itbe,51
itag,4
itaf,6
itai,3
itah,1
itak,7
itam,2
ital,52
itan,64
nams,2
itap,14
itas,21
itar,4
itau,2
camp,136
itat,7
cann,139
cano,16
canl,2
canm,8
canh,9
cani,13
name,215
canf,8
cang,6
cand,35
rmym,1
cane,7
namb,1
canb,22
itac,4
nami,1
canc,8
itab,2
cana,21
itad,4
napp,2
itdi,15
napo,91
itdo,25
itdr,3
zdrz,1
capw,2
capt,251
itdu,3
capu,2
capr,5
itdw,1
caps,3
odsb,2
napa,2
itda,1
napl,3
itde,5
capa,23
itch,6
pgun,2
itcl,1
itco,32
capp,2
itby,6
capm,1
itca,38
caph,12
capi,34
yang,2
capf,1
itce,1
cape,11
yank,1
narr,40
casc,2
itfl,3
yard,48
narv,1
itfo,34
itfr,9
nars,1
nary,1
itfu,1
narw,1
carv,13
cart,24
cass,8
narb,3
cast,141
egyp,86
itfa,2
cask,7
odui,3
casi,1
itfe,1
cash,3
case,53
itfi,5
odul,1
carb,4
carc,12
item,10
itel,17
cara,8
iten,4
ites,3
iter,2
itev,3
itex,3
carr,222
cars,1
carp,12
carn,9
caro,4
carl,1
itea,1
carm,12
cari,12
carg,1
itei,3
card,28
care,113
itho,53
caud,1
natu,99
ithu,5
ithy,2
caus,85
caut,27
nata,266
nath,19
itha,134
ithe,54
nati,122
caul,4
ithi,83
caug,41
itgl,1
itgo,4
catc,30
cata,7
itgr,6
nast,7
gnar,3
gnas,3
gnaw,2
casu,15
catt,17
cats,2
itga,2
catp,1
cato,2
pgyo,1
nash,1
yarm,1
cath,29
itgi,2
yarn,1
cati,5
itjo,1
cawc,1
itju,2
navi,2
odyn,1
odys,1
itin,34
naut,1
naus,4
cave,26
itip,1
naur,1
itis,528
cavb,1
cava,34
itit,11
itiw,2
nava,4
itia,2
itic,1
itib,1
naug,12
itif,7
naul,1
itih,2
itik,1
naup,1
itim,2
cavi,5
itil,2
naya,1
nayd,1
itma,58
nayc,1
nayb,3
itla,4
itle,10
itli,4
itll,3
itlo,5
yawi,1
yawn,3
itki,1
itkn,2
itoc,2
phan,9
itne,19
nazg,6
phal,7
ehbr,1
itno,25
phar,52
phas,6
ehbo,1
itmr,1
itmu,24
nayw,2
itmy,3
ehaf,1
phae,7
naza,5
phac,3
phad,4
itna,1
nayi,4
nayh,3
itme,10
nayg,3
naym,1
nayl,4
itmi,22
nayk,1
nayj,1
nayo,1
nayn,5
itmo,6
nayt,10
cazo,1
nays,17
nayr,1
itpu,2
ehdo,1
deal,47
deaf,7
deag,1
dead,118
deac,4
itpe,3
deat,134
itpo,2
dear,114
itpr,10
ehdr,2
itou,6
itot,1
itov,2
itpa,6
ehca,1
itof,10
itoh,1
itom,4
itol,19
itoo,16
iton,13
itop,2
itor,8
phbu,1
deco,9
itry,1
decl,82
deck,17
itsa,77
deci,39
itsc,24
itsb,20
itse,191
dece,75
itsd,13
itsg,13
itsf,9
pher,9
phes,3
phet,3
itri,7
phem,5
phen,9
zebe,6
phep,2
itro,6
decu,1
decr,14
itru,5
phea,3
debo,1
eheh,1
debe,4
phel,4
itra,7
deba,24
zeal,12
itre,23
debb,3
deca,16
oear,3
debu,1
debt,19
itqu,2
deer,2
deep,104
deem,10
deed,26
ehhe,1
itti,4
defa,2
itto,41
ittr,3
ittu,1
ittw,1
dedi,9
itta,4
itte,1
itth,50
itsi,15
itsh,69
itsj,5
itsm,10
itsl,16
itso,23
itsn,45
itsq,1
itsp,26
itss,25
itsr,10
itsu,10
dedu,1
itst,44
itsw,6
itsv,6
degu,1
degr,27
itwa,627
itwe,45
itwi,62
itwh,10
itvo,1
deft,1
ehis,2
defr,6
defo,4
phia,2
phic,2
phin,7
defi,65
itve,1
defe,88
phil,105
itun,4
itup,13
itus,2
itur,10
defy,2
gnos,2
deit,6
itye,4
squi,32
deje,4
ehma,1
sque,14
squa,37
deig,2
itwo,72
itwr,1
ehla,1
ehno,1
deli,261
dele,8
dela,14
ehmu,1
ehmo,1
ityo,14
demu,1
cbjp,23
demo,36
deni,78
dene,19
zelp,2
denf,1
dena,2
denb,2
phog,2
delu,9
delv,1
delt,4
phot,6
ehop,1
dell,2
demi,3
deme,10
phoc,3
oela,2
dema,31
oelb,1
phry,2
phra,7
depl,2
depi,3
ehsi,1
depe,32
depa,86
phre,2
deny,5
dens,7
dent,3
deno,6
deom,1
ehre,1
phtt,1
dern,1
derk,1
deri,17
phth,1
dere,1
dera,2
derb,2
depu,2
dept,16
depr,32
depo,10
deta,32
oest,2
dest,202
dess,6
zero,3
detr,8
deto,1
ehwh,4
dete,53
tuck,4
phur,2
desa,2
phut,2
oerl,1
oers,2
tubs,1
tubt,1
oerp,2
deru,1
desp,127
phua,2
tube,3
deso,37
oerc,2
desm,1
tuba,1
desk,2
desi,165
uxel,1
tubk,1
dese,81
oeri,1
desc,89
ehye,2
deva,3
deut,35
devo,47
ehyo,1
tues,2
devi,82
deve,12
hrbu,1
deus,16
hrba,1
deui,1
gobl,26
robb,24
gobu,3
deww,1
dext,6
road,87
goba,15
tugg,1
gobb,1
roas,6
roar,21
gobe,7
roam,3
gobi,1
dewd,1
dewb,1
goal,6
goan,39
dewa,3
phys,25
goar,1
tuge,1
goas,2
goat,27
goav,1
goaw,11
dewt,2
zeus,1
oeve,2
tuft,3
goab,3
goac,1
goad,1
goag,3
phyl,2
goah,1
godl,7
godm,10
flai,1
godo,50
flag,15
godp,6
godr,8
gods,121
godt,23
godu,3
godv,1
rode,20
godw,53
rodb,2
roda,5
rock,49
flay,4
tuil,2
flax,1
flaw,1
flav,4
goda,75
flat,28
godb,33
roci,28
flas,23
godc,10
roch,2
godd,15
flar,5
gode,7
flap,10
godf,21
tuit,1
godg,14
godh,53
flan,30
godi,57
flam,33
godk,9
flak,1
goco,2
robu,4
gocs,1
roca,1
robe,12
gocg,1
oexp,2
robm,2
deyh,1
robo,6
gofo,8
gofr,2
gofu,2
gofa,1
gofi,1
hrin,1
goes,20
hrht,1
goet,5
rodh,2
rodg,1
rods,3
rodo,3
rodr,4
flem,2
roha,15
piaz,1
flee,59
fled,26
tuni,4
rohi,9
flec,3
flea,2
tune,6
goha,1
pian,2
iund,16
gohe,4
flex,4
flew,7
flet,1
fles,52
rogu,4
tumu,14
goho,3
tumb,15
gogo,4
gogs,2
gogt,2
